PAIS,MARCAS,PAIS_ORIGEN,MODELO,PRECIO,CAPACIDAD,COLOR,VENDIDO
China,Nissan,Sweden,2010,Yuan Renminbi,QX,Aquamarine,1
China,Suzuki,Brazil,2000,Yuan Renminbi,M,Khaki,1
China,Tesla,Sweden,2009,Yuan Renminbi,Veyron,Maroon,1
China,General Motors,Greece,2003,Yuan Renminbi,Montero,Aquamarine,1
China,Suzuki,Sweden,1994,Yuan Renminbi,Crown Victoria,Orange,1
United States,Tesla,Brazil,2013,Dollar,GS,Indigo,1
China,Suzuki,Belarus,2005,Yuan Renminbi,X-Type,Red,1
China,Nissan,Argentina,2008,Yuan Renminbi,Tacoma,Red,1
China,Chirey,Argentina,1993,Yuan Renminbi,Aerostar,Red,1
China,Otros,Poland,2000,Yuan Renminbi,Continental,Indigo,1
China,Build Your Dream,United States,2011,Yuan Renminbi,Silverado 2500,Green,1
China,Otros,Czech Republic,2007,Yuan Renminbi,Range Rover,Purple,1
China,Build Your Dream,United States,2008,Yuan Renminbi,Daewoo Lacetti,Blue,1
China,Kia,Russia,2005,Yuan Renminbi,Town & Country,Indigo,1
China,Kia,Nigeria,2008,Yuan Renminbi,RL,Red,1
China,Suzuki,Belarus,2011,Yuan Renminbi,XJ,Purple,1
China,Build Your Dream,Philippines,2001,Yuan Renminbi,Millenia,Red,1
China,Nissan,China,1998,Yuan Renminbi,LX,Violet,1
China,Tesla,Portugal,2001,Yuan Renminbi,530,Blue,1
China,Suzuki,Brazil,1993,Yuan Renminbi,164,Turquoise,1
China,Chirey,Indonesia,1999,Yuan Renminbi,MX-5,Maroon,1
China,Tesla,Indonesia,1985,Yuan Renminbi,Topaz,Aquamarine,1
China,Chirey,Norway,2006,Yuan Renminbi,Thunderbird,Turquoise,1
China,Kia,Philippines,1969,Yuan Renminbi,GTO,Pink,1
China,Chirey,Greece,2007,Yuan Renminbi,PT Cruiser,Crimson,1
China,Nissan,Bosnia and Herzegovina,1984,Yuan Renminbi,626,Turquoise,1
China,Otros,Honduras,2010,Yuan Renminbi,S4,Maroon,1
China,Chirey,Kazakhstan,1984,Yuan Renminbi,Celica,Teal,1
China,Saic Motor,Vietnam,2008,Yuan Renminbi,Tundra,Crimson,1
China,Nissan,Yemen,1993,Yuan Renminbi,Yukon,Khaki,1
China,Tesla,Portugal,2006,Yuan Renminbi,F-250 Super Duty,Pink,1
China,Suzuki,Portugal,1995,Yuan Renminbi,Grand Caravan,Maroon,1
China,Suzuki,China,1994,Yuan Renminbi,88,Pink,1
China,Kia,Indonesia,2004,Yuan Renminbi,XC90,Goldenrod,1
China,General Motors,Indonesia,1994,Yuan Renminbi,Precis,Indigo,1
China,Nissan,Russia,1996,Yuan Renminbi,Stratus,Pink,1
China,Suzuki,Chile,1984,Yuan Renminbi,Corvette,Crimson,1
South Korea,Kia,Sweden,2011,Won,CR-V,Fuscia,1
China,Kia,France,2005,Yuan Renminbi,RAV4,Blue,1
China,Suzuki,Armenia,1989,Yuan Renminbi,Cougar,Puce,1
China,Tesla,Poland,1992,Yuan Renminbi,Precis,Goldenrod,1
China,Nissan,Portugal,2002,Yuan Renminbi,XL-7,Maroon,1
China,Nissan,Colombia,2004,Yuan Renminbi,Ion,Khaki,1
China,Tesla,China,2010,Yuan Renminbi,Type-1h,Purple,1
China,Nissan,Greece,2007,Yuan Renminbi,Phantom,Fuscia,1
China,Build Your Dream,China,1994,Yuan Renminbi,H1,Pink,1
China,Saic Motor,China,2000,Yuan Renminbi,Sierra 1500,Violet,1
China,Chirey,Malawi,2007,Yuan Renminbi,Suburban,Turquoise,1
China,Saic Motor,Brazil,1996,Yuan Renminbi,Esprit,Red,1
China,Kia,China,1998,Yuan Renminbi,Diamante,Puce,1
China,Tesla,Philippines,2005,Yuan Renminbi,Liberty,Violet,1
United States,Nissan,China,2007,Dollar,Sedona,Turquoise,1
China,Build Your Dream,Indonesia,1999,Yuan Renminbi,Land Cruiser,Crimson,1
China,General Motors,China,2012,Yuan Renminbi,C70,Khaki,1
China,Tesla,Indonesia,2007,Yuan Renminbi,F150,Purple,1
United States,Suzuki,Indonesia,2006,Dollar,XL7,Red,1
China,General Motors,Cameroon,2009,Yuan Renminbi,Continental GT,Fuscia,1
United States,Tesla,China,2000,Dollar,RAV4,Green,1
China,Nissan,Jamaica,1992,Yuan Renminbi,164,Indigo,1
China,Tesla,China,1997,Yuan Renminbi,S-Class,Khaki,1
China,Chirey,China,1997,Yuan Renminbi,VS Commodore,Aquamarine,1
United States,Build Your Dream,Peru,2001,Dollar,Montero,Khaki,1
China,Chirey,Philippines,2005,Yuan Renminbi,Murano,Maroon,1
China,Otros,Vietnam,1993,Yuan Renminbi,Paseo,Orange,1
China,Suzuki,Thailand,1960,Yuan Renminbi,Fillmore,Pink,1
China,Otros,Colombia,2008,Yuan Renminbi,G-Class,Violet,1
China,Build Your Dream,Syria,1997,Yuan Renminbi,Celica,Orange,1
China,Build Your Dream,Czech Republic,1992,Yuan Renminbi,Corolla,Purple,1
China,Nissan,Russia,2006,Yuan Renminbi,Azera,Aquamarine,1
United States,Build Your Dream,Latvia,1992,Dollar,S-Class,Indigo,1
China,General Motors,Greece,2000,Yuan Renminbi,V40,Mauv,1
China,Nissan,Indonesia,2011,Yuan Renminbi,Express 2500,Green,1
China,Suzuki,China,1999,Yuan Renminbi,911,Goldenrod,1
China,Saic Motor,Indonesia,2003,Yuan Renminbi,Tacoma,Turquoise,1
China,Otros,China,2006,Yuan Renminbi,Titan,Green,1
China,Build Your Dream,Uganda,1994,Yuan Renminbi,Caravan,Fuscia,1
China,Otros,Russia,1989,Yuan Renminbi,B-Series,Orange,1
United States,Nissan,China,1997,Dollar,Mountaineer,Yellow,1
China,Otros,Brazil,1998,Yuan Renminbi,Grand Voyager,Indigo,1
China,Suzuki,Brazil,2007,Yuan Renminbi,Forester,Mauv,1
China,Otros,United States,2010,Yuan Renminbi,Murano,Orange,1
China,Nissan,South Africa,2002,Yuan Renminbi,Legacy,Indigo,1
China,Saic Motor,France,1996,Yuan Renminbi,Aerostar,Puce,1
China,Nissan,Philippines,1991,Yuan Renminbi,300ZX,Purple,1
China,Suzuki,China,1999,Yuan Renminbi,Hombre,Violet,1
China,Saic Motor,Philippines,1989,Yuan Renminbi,Legend,Purple,1
United States,Tesla,Philippines,2008,Dollar,X5,Orange,1
China,Kia,Philippines,1998,Yuan Renminbi,Venture,Crimson,1
United States,Suzuki,United States,2006,Dollar,Relay,Turquoise,1
China,Nissan,Argentina,2005,Yuan Renminbi,Sentra,Red,1
China,Kia,Sweden,1990,Yuan Renminbi,Coachbuilder,Yellow,1
China,Tesla,Indonesia,1994,Yuan Renminbi,928,Indigo,1
China,Tesla,Pakistan,2010,Yuan Renminbi,LR4,Puce,1
China,Otros,China,1995,Yuan Renminbi,GTO,Green,1
China,Chirey,Guinea,2003,Yuan Renminbi,Corvette,Teal,1
China,Nissan,Djibouti,2005,Yuan Renminbi,L-Series,Pink,1
China,Build Your Dream,Uganda,2011,Yuan Renminbi,TT,Pink,1
China,General Motors,Lebanon,2011,Yuan Renminbi,Miata MX-5,Purple,1
China,Chirey,Malaysia,1998,Yuan Renminbi,Malibu,Teal,1
Germany,Suzuki,France,1995,Euro,928,Khaki,1
China,Saic Motor,Philippines,1995,Yuan Renminbi,Tracer,Mauv,1
China,Saic Motor,Russia,1995,Yuan Renminbi,Golf,Mauv,1
China,Suzuki,Brazil,2009,Yuan Renminbi,Sierra 2500,Purple,1
China,General Motors,Mexico,1999,Yuan Renminbi,Caravan,Purple,1
China,Nissan,Canada,2009,Yuan Renminbi,IS,Yellow,1
China,Saic Motor,Brazil,2009,Yuan Renminbi,XLR,Purple,1
China,Suzuki,China,2007,Yuan Renminbi,C-Class,Mauv,1
China,Saic Motor,Ireland,1996,Yuan Renminbi,Grand Voyager,Red,1
China,Build Your Dream,Poland,1993,Yuan Renminbi,Quest,Orange,1
China,Saic Motor,Philippines,1997,Yuan Renminbi,Firebird,Purple,1
China,Tesla,Bulgaria,2007,Yuan Renminbi,Murano,Goldenrod,1
China,General Motors,Philippines,1997,Yuan Renminbi,Catera,Orange,1
China,Nissan,Peru,2006,Yuan Renminbi,E-350 Super Duty,Indigo,1
China,Nissan,Serbia,2009,Yuan Renminbi,Expedition EL,Red,1
China,Nissan,Yemen,1986,Yuan Renminbi,6000,Fuscia,1
China,Nissan,Panama,2002,Yuan Renminbi,911,Blue,1
China,Suzuki,France,1993,Yuan Renminbi,Fleetwood,Yellow,1
China,Chirey,China,1999,Yuan Renminbi,Swift,Pink,1
China,Saic Motor,Comoros,2006,Yuan Renminbi,Golf,Blue,1
China,Otros,Poland,2003,Yuan Renminbi,Yukon,Pink,1
United States,Kia,Peru,1994,Dollar,Spirit,Crimson,1
South Korea,Kia,China,1993,Won,3 Series,Teal,1
China,Suzuki,China,2009,Yuan Renminbi,Town & Country,Goldenrod,1
China,Tesla,Indonesia,2010,Yuan Renminbi,C-Class,Turquoise,1
China,Kia,Ukraine,1992,Yuan Renminbi,1500,Blue,1
China,Tesla,China,2012,Yuan Renminbi,Cube,Fuscia,1
China,Saic Motor,Ukraine,1994,Yuan Renminbi,Town & Country,Pink,1
South Korea,Chirey,Poland,2003,Won,Sequoia,Maroon,1
China,Tesla,Vietnam,1983,Yuan Renminbi,6000,Maroon,1
China,Nissan,China,1993,Yuan Renminbi,SL-Class,Green,1
China,General Motors,Ireland,1999,Yuan Renminbi,Tiburon,Maroon,1
United States,General Motors,Argentina,1993,Dollar,3500,Yellow,1
China,Nissan,Uzbekistan,1986,Yuan Renminbi,Thunderbird,Violet,1
China,Otros,Japan,1992,Yuan Renminbi,Caprice,Yellow,1
China,Suzuki,Nicaragua,2012,Yuan Renminbi,Fiesta,Maroon,1
China,Otros,Poland,2005,Yuan Renminbi,Safari,Khaki,1
Germany,Saic Motor,Indonesia,2009,Euro,Sportage,Khaki,1
China,Chirey,Ghana,1998,Yuan Renminbi,Town Car,Crimson,1
China,General Motors,Poland,2002,Yuan Renminbi,Montero,Fuscia,1
China,Saic Motor,Ireland,2008,Yuan Renminbi,Azera,Khaki,1
China,Otros,Serbia,1990,Yuan Renminbi,911,Red,1
China,General Motors,Albania,2002,Yuan Renminbi,Liberty,Puce,1
China,Tesla,France,2012,Yuan Renminbi,Corvette,Aquamarine,1
China,Otros,China,2010,Yuan Renminbi,Rondo,Green,1
China,Otros,Croatia,1989,Yuan Renminbi,B2600,Goldenrod,1
China,Tesla,Afghanistan,2007,Yuan Renminbi,Expedition,Goldenrod,1
China,Nissan,Cameroon,1994,Yuan Renminbi,V8,Yellow,1
China,Kia,Indonesia,1994,Yuan Renminbi,Alcyone SVX,Blue,1
China,Tesla,Macedonia,1987,Yuan Renminbi,LTD Crown Victoria,Crimson,1
China,Nissan,Brazil,2008,Yuan Renminbi,TrailBlazer,Violet,1
China,Saic Motor,China,2010,Yuan Renminbi,Savana 3500,Goldenrod,1
China,Build Your Dream,Colombia,1993,Yuan Renminbi,Econoline E350,Puce,1
China,Suzuki,China,2002,Yuan Renminbi,Optima,Crimson,1
China,Nissan,Netherlands,2000,Yuan Renminbi,ES,Teal,1
China,Kia,Syria,2000,Yuan Renminbi,Dakota Club,Aquamarine,1
China,Otros,Colombia,2009,Yuan Renminbi,Silverado 1500,Mauv,1
China,Tesla,Russia,2001,Yuan Renminbi,9-3,Khaki,1
China,Tesla,China,1962,Yuan Renminbi,Avanti,Mauv,1
China,Suzuki,United States,1998,Yuan Renminbi,S-Class,Maroon,1
China,Saic Motor,China,2004,Yuan Renminbi,S4,Violet,1
China,Nissan,Thailand,2003,Yuan Renminbi,Town Car,Purple,1
China,Suzuki,China,2005,Yuan Renminbi,Sentra,Green,1
China,Suzuki,Kazakhstan,2008,Yuan Renminbi,B-Series,Yellow,1
China,General Motors,Indonesia,1998,Yuan Renminbi,riolet,Mauv,1
China,General Motors,China,1997,Yuan Renminbi,Explorer,Green,1
China,Kia,Peru,2011,Yuan Renminbi,Silverado 2500,Violet,1
China,General Motors,Colombia,2009,Yuan Renminbi,R8,Yellow,1
China,Build Your Dream,Japan,2000,Yuan Renminbi,Silverado 1500,Maroon,1
China,Suzuki,Brazil,2002,Yuan Renminbi,LS,Orange,1
China,Kia,Netherlands,2009,Yuan Renminbi,CTS-V,Yellow,1
China,Otros,Norway,1999,Yuan Renminbi,Ram 3500,Pink,1
China,Tesla,China,2004,Yuan Renminbi,9-5,Goldenrod,1
China,General Motors,Mexico,2003,Yuan Renminbi,Gallardo,Turquoise,1
China,Suzuki,Russia,1997,Yuan Renminbi,Eldorado,Purple,1
China,Nissan,Ukraine,2008,Yuan Renminbi,FJ Cruiser,Fuscia,1
China,Saic Motor,Bulgaria,1997,Yuan Renminbi,Miata MX-5,Mauv,1
China,Suzuki,France,1996,Yuan Renminbi,Viper,Pink,1
China,Kia,Mexico,2001,Yuan Renminbi,F-Series,Fuscia,1
China,Chirey,China,2004,Yuan Renminbi,F350,Puce,1
China,General Motors,Russia,2009,Yuan Renminbi,Wrangler,Yellow,1
China,Suzuki,Poland,2010,Yuan Renminbi,xD,Red,1
China,Kia,Czech Republic,2006,Yuan Renminbi,Canyon,Purple,1
China,Suzuki,China,2002,Yuan Renminbi,Yukon XL 2500,Aquamarine,1
China,Suzuki,China,2008,Yuan Renminbi,GranTurismo,Violet,1
China,Saic Motor,Russia,1994,Yuan Renminbi,MR2,Goldenrod,1
United States,Otros,Argentina,2006,Dollar,F150,Green,1
China,Build Your Dream,Pakistan,1992,Yuan Renminbi,Defender,Turquoise,1
China,General Motors,Brazil,1993,Yuan Renminbi,GTO,Maroon,1
China,Otros,France,1989,Yuan Renminbi,Century,Puce,1
China,Otros,Poland,2008,Yuan Renminbi,S80,Blue,1
China,Kia,China,2013,Yuan Renminbi,Panamera,Aquamarine,1
China,Suzuki,Indonesia,2011,Yuan Renminbi,M3,Puce,1
China,Build Your Dream,Russia,2000,Yuan Renminbi,Eldorado,Puce,1
China,Saic Motor,France,2001,Yuan Renminbi,E-Class,Aquamarine,1
China,Nissan,Indonesia,2011,Yuan Renminbi,Navigator,Goldenrod,1
China,Saic Motor,Sweden,2011,Yuan Renminbi,Outback,Pink,1
United States,Suzuki,Poland,1986,Dollar,Range Rover,Goldenrod,1
China,Saic Motor,Russia,2011,Yuan Renminbi,Yukon XL 1500,Turquoise,1
China,Nissan,China,2008,Yuan Renminbi,Raider,Purple,1
United States,Otros,Dominican Republic,2002,Dollar,Escort,Indigo,1
China,Otros,Ecuador,1987,Yuan Renminbi,Bronco II,Teal,1
China,Saic Motor,United States,2005,Yuan Renminbi,Suburban 2500,Yellow,1
Germany,Otros,Canada,1989,Euro,Countach,Violet,1
China,General Motors,China,2007,Yuan Renminbi,Durango,Orange,1
China,Otros,Australia,2011,Yuan Renminbi,Sprinter,Green,1
United States,Suzuki,Togo,2010,Dollar,Acadia,Green,1
China,Build Your Dream,Vietnam,2005,Yuan Renminbi,Continental,Pink,1
China,Kia,Russia,2010,Yuan Renminbi,Eos,Violet,1
China,Build Your Dream,South Korea,2006,Yuan Renminbi,TSX,Khaki,1
China,Tesla,China,2007,Yuan Renminbi,Sierra 3500,Blue,1
China,Suzuki,Sudan,2011,Yuan Renminbi,Escalade,Indigo,1
China,Saic Motor,Portugal,2005,Yuan Renminbi,Daewoo Lacetti,Purple,1
China,Tesla,Serbia,1999,Yuan Renminbi,Avalon,Crimson,1
China,Tesla,Chile,1994,Yuan Renminbi,Capri,Purple,1
China,Nissan,Canada,1992,Yuan Renminbi,Imperial,Yellow,1
China,Suzuki,Indonesia,1994,Yuan Renminbi,Blazer,Turquoise,1
China,Suzuki,Vietnam,2008,Yuan Renminbi,Continental GTC,Orange,1
China,Chirey,Dominican Republic,1996,Yuan Renminbi,Jetta,Indigo,1
China,Saic Motor,Poland,2005,Yuan Renminbi,Tundra,Purple,1
United States,Kia,Indonesia,2005,Dollar,Spectra,Khaki,1
China,Nissan,Poland,1996,Yuan Renminbi,VS Commodore,Violet,1
China,Tesla,Poland,2011,Yuan Renminbi,Tribute,Puce,1
China,Tesla,Portugal,2003,Yuan Renminbi,X-Type,Teal,1
Germany,Suzuki,China,1986,Euro,SL-Class,Khaki,1
China,Otros,Portugal,1992,Yuan Renminbi,1500,Violet,1
China,Chirey,Indonesia,2006,Yuan Renminbi,Corolla,Maroon,1
China,Kia,United States,2007,Yuan Renminbi,X5,Green,1
China,Suzuki,Brazil,1993,Yuan Renminbi,Festiva,Turquoise,1
China,Otros,Indonesia,1991,Yuan Renminbi,MX-6,Crimson,1
China,Nissan,Indonesia,2000,Yuan Renminbi,Alero,Purple,1
China,Suzuki,China,2000,Yuan Renminbi,F250,Blue,1
China,Kia,Indonesia,1992,Yuan Renminbi,7 Series,Goldenrod,1
China,Kia,China,2001,Yuan Renminbi,Esteem,Turquoise,1
United States,Build Your Dream,Mexico,2001,Dollar,Cavalier,Maroon,1
China,Nissan,Poland,1992,Yuan Renminbi,Spirit,Yellow,1
China,Build Your Dream,Russia,1995,Yuan Renminbi,Rally Wagon G2500,Puce,1
China,General Motors,Czech Republic,2004,Yuan Renminbi,Suburban 2500,Turquoise,1
China,Nissan,Indonesia,1987,Yuan Renminbi,Type 2,Mauv,1
China,Suzuki,South Africa,1961,Yuan Renminbi,Avanti,Puce,1
China,Otros,Greece,2009,Yuan Renminbi,Impala,Red,1
China,Saic Motor,China,2008,Yuan Renminbi,7 Series,Teal,1
China,Chirey,Ecuador,1997,Yuan Renminbi,3000GT,Fuscia,1
United States,Tesla,Philippines,1990,Dollar,Cougar,Indigo,1
China,Nissan,Indonesia,2011,Yuan Renminbi,Express 3500,Fuscia,1
China,Nissan,Japan,2009,Yuan Renminbi,Charger,Puce,1
China,Chirey,Russia,1990,Yuan Renminbi,GTO,Aquamarine,1
China,Kia,Ethiopia,2001,Yuan Renminbi,LeSabre,Goldenrod,1
China,Otros,Portugal,2006,Yuan Renminbi,Camry,Green,1
China,Kia,China,1980,Yuan Renminbi,Civic,Green,1
China,Build Your Dream,Panama,2008,Yuan Renminbi,M,Maroon,1
China,Chirey,Syria,2001,Yuan Renminbi,Galant,Crimson,1
China,Tesla,Indonesia,2007,Yuan Renminbi,LS,Khaki,1
China,Saic Motor,Indonesia,2007,Yuan Renminbi,Expedition EL,Blue,1
China,General Motors,Haiti,1993,Yuan Renminbi,Blazer,Purple,1
China,Build Your Dream,Czech Republic,1995,Yuan Renminbi,Sonoma,Fuscia,1
China,Saic Motor,Indonesia,1995,Yuan Renminbi,Sportage,Fuscia,1
China,General Motors,Indonesia,2005,Yuan Renminbi,Savana 1500,Turquoise,1
China,Build Your Dream,Colombia,2000,Yuan Renminbi,M5,Puce,1
China,Nissan,Russia,2008,Yuan Renminbi,Cobalt,Crimson,1
China,Kia,China,1999,Yuan Renminbi,GTI,Mauv,1
China,Build Your Dream,Canada,1985,Yuan Renminbi,Golf,Pink,1
China,Tesla,United States,1996,Yuan Renminbi,Breeze,Goldenrod,1
China,General Motors,Sweden,1998,Yuan Renminbi,RAV4,Khaki,1
China,Tesla,Indonesia,2011,Yuan Renminbi,Tahoe,Indigo,1
China,Kia,Brazil,1998,Yuan Renminbi,911,Violet,1
China,Chirey,France,1994,Yuan Renminbi,Grand Am,Blue,1
China,Chirey,Poland,2000,Yuan Renminbi,B-Series Plus,Green,1
China,Tesla,Nicaragua,1993,Yuan Renminbi,Wrangler,Puce,1
China,Nissan,Brazil,1988,Yuan Renminbi,Cabriolet,Yellow,1
Italy,Otros,China,2011,Euro,Highlander,Khaki,1
China,Otros,Indonesia,2002,Yuan Renminbi,Sentra,Goldenrod,1
China,Otros,Brazil,2008,Yuan Renminbi,Aveo,Maroon,1
China,Suzuki,China,1995,Yuan Renminbi,Safari,Blue,1
China,Saic Motor,Armenia,1959,Yuan Renminbi,600,Blue,1
China,Kia,Bangladesh,2012,Yuan Renminbi,S60,Aquamarine,1
China,General Motors,France,1993,Yuan Renminbi,Cabriolet,Red,1
China,Otros,Bolivia,2007,Yuan Renminbi,Escalade EXT,Khaki,1
United States,Suzuki,Thailand,2003,Dollar,Envoy XL,Puce,1
China,Nissan,Colombia,2004,Yuan Renminbi,Grand Marquis,Red,1
South Korea,Chirey,France,1968,Won,Grand Prix,Blue,1
China,General Motors,United States,1996,Yuan Renminbi,3 Series,Crimson,1
China,Suzuki,China,1996,Yuan Renminbi,3500,Red,1
China,Chirey,Russia,2012,Yuan Renminbi,ZDX,Puce,1
China,Chirey,Russia,2010,Yuan Renminbi,Edge,Yellow,1
China,Chirey,China,2006,Yuan Renminbi,Thunderbird,Red,1
China,General Motors,Canada,1993,Yuan Renminbi,del Sol,Yellow,1
China,Kia,Russia,2011,Yuan Renminbi,Silverado 2500,Teal,1
China,General Motors,Indonesia,2003,Yuan Renminbi,Venture,Goldenrod,1
China,General Motors,Czech Republic,2011,Yuan Renminbi,Armada,Fuscia,1
United States,Kia,Philippines,1997,Dollar,Grand Marquis,Red,1
China,Tesla,China,1998,Yuan Renminbi,Mustang,Turquoise,1
China,Kia,Colombia,2006,Yuan Renminbi,SC,Pink,1
China,Kia,Portugal,1992,Yuan Renminbi,Jimmy,Turquoise,1
China,Tesla,Japan,1994,Yuan Renminbi,Defender 90,Fuscia,1
China,Chirey,United States,1995,Yuan Renminbi,1500,Mauv,1
China,Chirey,China,2004,Yuan Renminbi,Range Rover,Teal,1
China,Otros,France,2009,Yuan Renminbi,Matrix,Fuscia,1
China,Kia,China,2011,Yuan Renminbi,Sonata,Green,1
China,Tesla,Belize,1992,Yuan Renminbi,Maxima,Mauv,1
China,Chirey,China,1986,Yuan Renminbi,Capri,Red,1
China,General Motors,France,2009,Yuan Renminbi,Malibu,Green,1
China,Suzuki,Poland,2004,Yuan Renminbi,Colorado,Crimson,1
China,Chirey,Russia,2008,Yuan Renminbi,Eclipse,Red,1
China,Chirey,United States,1998,Yuan Renminbi,2500,Pink,1
China,Tesla,Indonesia,2000,Yuan Renminbi,LHS,Crimson,1
China,Otros,South Korea,1987,Yuan Renminbi,L300,Blue,1
China,General Motors,Dominican Republic,1991,Yuan Renminbi,Firefly,Red,1
China,Otros,Belarus,2004,Yuan Renminbi,RX,Teal,1
China,General Motors,China,2001,Yuan Renminbi,Outback,Indigo,1
China,Suzuki,Indonesia,1999,Yuan Renminbi,Grand Am,Violet,1
China,Kia,Philippines,2005,Yuan Renminbi,G,Puce,1
China,Tesla,China,1992,Yuan Renminbi,SC,Purple,1
China,Chirey,Palestinian Territory,2011,Yuan Renminbi,Charger,Fuscia,1
China,Saic Motor,Lithuania,2001,Yuan Renminbi,Esprit,Maroon,1
China,Saic Motor,China,1986,Yuan Renminbi,LeSabre,Mauv,1
China,Chirey,Poland,1992,Yuan Renminbi,Wrangler,Khaki,1
China,Tesla,Dominican Republic,2002,Yuan Renminbi,B-Series,Mauv,1
China,Chirey,Brazil,2011,Yuan Renminbi,MKZ,Green,1
China,Build Your Dream,Nigeria,1997,Yuan Renminbi,Express 3500,Green,1
United States,Saic Motor,Mexico,1994,Dollar,SC,Puce,1
China,General Motors,Tanzania,2009,Yuan Renminbi,Savana 2500,Teal,1
China,Kia,Indonesia,1997,Yuan Renminbi,Altima,Goldenrod,1
China,Nissan,Japan,2002,Yuan Renminbi,Express 2500,Red,1
China,Build Your Dream,Czech Republic,1991,Yuan Renminbi,E-Class,Khaki,1
China,Chirey,Indonesia,2011,Yuan Renminbi,Land Cruiser,Green,1
China,Suzuki,Italy,1999,Yuan Renminbi,Range Rover,Crimson,1
China,Kia,Russia,2012,Yuan Renminbi,Express 2500,Purple,1
China,Suzuki,Malaysia,2009,Yuan Renminbi,Savana,Khaki,1
China,Saic Motor,Lebanon,2000,Yuan Renminbi,Discovery Series II,Red,1
China,Build Your Dream,Kazakhstan,2011,Yuan Renminbi,Cube,Violet,1
China,Otros,China,1997,Yuan Renminbi,Rodeo,Orange,1
China,Nissan,Mongolia,2004,Yuan Renminbi,Aerio,Aquamarine,1
China,Chirey,Brazil,1997,Yuan Renminbi,7 Series,Mauv,1
China,Tesla,Portugal,1989,Yuan Renminbi,LTD Crown Victoria,Khaki,1
China,Suzuki,China,2011,Yuan Renminbi,Insight,Fuscia,1
China,Nissan,Portugal,1995,Yuan Renminbi,MX-3,Aquamarine,1
China,Build Your Dream,Indonesia,1997,Yuan Renminbi,Sentra,Blue,1
China,General Motors,Philippines,1993,Yuan Renminbi,100,Turquoise,1
China,General Motors,Kazakhstan,2003,Yuan Renminbi,Freestar,Red,1
China,Build Your Dream,Croatia,2011,Yuan Renminbi,Volt,Indigo,1
China,Otros,Brazil,1998,Yuan Renminbi,626,Maroon,1
China,Otros,Saint Vincent and the Grenadines,1995,Yuan Renminbi,Q,Pink,1
China,Saic Motor,Democratic Republic of the Congo,1991,Yuan Renminbi,Bronco,Crimson,1
China,Suzuki,United States,2003,Yuan Renminbi,F250,Teal,1
China,Chirey,Russia,2009,Yuan Renminbi,S60,Fuscia,1
China,Saic Motor,China,2010,Yuan Renminbi,xD,Goldenrod,1
China,Chirey,Republic of the Congo,1985,Yuan Renminbi,Century,Teal,1
China,Tesla,Poland,1992,Yuan Renminbi,D150,Yellow,1
China,General Motors,China,2008,Yuan Renminbi,Fusion,Yellow,1
Germany,Otros,Indonesia,1990,Euro,Continental Mark VII,Khaki,1
China,Build Your Dream,Armenia,2007,Yuan Renminbi,Boxster,Red,1
China,Kia,Portugal,2012,Yuan Renminbi,GT-R,Indigo,1
China,Kia,Peru,2012,Yuan Renminbi,JUKE,Yellow,1
China,Build Your Dream,Panama,2006,Yuan Renminbi,Cayman,Violet,1
China,Kia,Croatia,1991,Yuan Renminbi,Bronco,Puce,1
China,Nissan,Russia,2011,Yuan Renminbi,Express 1500,Mauv,1
China,General Motors,Thailand,2007,Yuan Renminbi,V50,Teal,1
China,Kia,China,1983,Yuan Renminbi,944,Goldenrod,1
China,Saic Motor,Dominican Republic,1986,Yuan Renminbi,Brat,Maroon,1
China,Tesla,Indonesia,2007,Yuan Renminbi,Ram 3500,Teal,1
China,General Motors,Russia,2008,Yuan Renminbi,Magnum,Puce,1
United States,Otros,China,1991,Dollar,Taurus,Puce,1
China,General Motors,Pakistan,2010,Yuan Renminbi,Tahoe,Red,1
China,Build Your Dream,Czech Republic,1987,Yuan Renminbi,Golf,Goldenrod,1
China,Build Your Dream,China,2001,Yuan Renminbi,Venture,Green,1
China,Tesla,Philippines,2011,Yuan Renminbi,CX-7,Puce,1
China,Chirey,United States,1999,Yuan Renminbi,9-3,Crimson,1
China,Nissan,Philippines,1988,Yuan Renminbi,GTI,Aquamarine,1
China,Build Your Dream,Colombia,2003,Yuan Renminbi,Mustang,Fuscia,1
China,General Motors,Philippines,1971,Yuan Renminbi,Camaro,Violet,1
China,Build Your Dream,Indonesia,1996,Yuan Renminbi,Town Car,Violet,1
China,Kia,Ivory Coast,2011,Yuan Renminbi,HS,Puce,1
China,Nissan,Brazil,1984,Yuan Renminbi,Electra,Red,1
United States,Chirey,United States,1986,Dollar,Bronco,Violet,1
China,Suzuki,China,2004,Yuan Renminbi,Carrera GT,Pink,1
United States,Nissan,Honduras,2009,Dollar,GX,Indigo,1
China,Tesla,Bulgaria,2012,Yuan Renminbi,SLS-Class,Pink,1
Germany,Build Your Dream,Philippines,2000,Euro,NSX,Turquoise,1
China,Build Your Dream,Portugal,1995,Yuan Renminbi,Tracker,Teal,1
China,General Motors,Portugal,2010,Yuan Renminbi,F450,Blue,1
China,Otros,Cameroon,1993,Yuan Renminbi,Xtra,Pink,1
China,Suzuki,Philippines,1995,Yuan Renminbi,Ram 2500 Club,Crimson,1
United States,General Motors,Kazakhstan,2006,Dollar,Swift,Orange,1
United States,Tesla,Armenia,2006,Dollar,H3,Violet,1
Germany,Build Your Dream,Albania,1999,Euro,Odyssey,Maroon,1
China,Chirey,Indonesia,2009,Yuan Renminbi,Explorer,Yellow,1
Germany,Tesla,Indonesia,1997,Euro,Grand Cherokee,Pink,1
China,Suzuki,United States,1996,Yuan Renminbi,Aerostar,Fuscia,1
China,Suzuki,Poland,2000,Yuan Renminbi,Diablo,Goldenrod,1
United States,General Motors,Sweden,1989,Dollar,Topaz,Purple,1
China,Kia,Russia,1995,Yuan Renminbi,RX-7,Turquoise,1
China,Saic Motor,China,2004,Yuan Renminbi,A6,Violet,1
China,Tesla,United States,2009,Yuan Renminbi,Taurus,Crimson,1
China,Suzuki,Indonesia,2011,Yuan Renminbi,EX,Yellow,1
China,Chirey,France,1989,Yuan Renminbi,Bronco II,Puce,1
China,Otros,Indonesia,1996,Yuan Renminbi,Stealth,Mauv,1
China,Kia,China,2000,Yuan Renminbi,rio,Indigo,1
China,Nissan,China,1996,Yuan Renminbi,1500,Puce,1
China,Build Your Dream,Philippines,2012,Yuan Renminbi,Routan,Teal,1
China,Otros,Czech Republic,2013,Yuan Renminbi,Edge,Orange,1
China,Tesla,Afghanistan,2010,Yuan Renminbi,R-Class,Goldenrod,1
China,Nissan,Nepal,2012,Yuan Renminbi,E250,Pink,1
China,Otros,Brazil,2011,Yuan Renminbi,M,Crimson,1
China,Build Your Dream,China,1999,Yuan Renminbi,Venture,Indigo,1
United States,Saic Motor,Canada,1993,Dollar,Protege,Turquoise,1
Germany,General Motors,Argentina,2007,Euro,Tahoe,Puce,1
China,Tesla,Czech Republic,2009,Yuan Renminbi,9-3,Maroon,1
China,Kia,Argentina,2000,Yuan Renminbi,7 Series,Maroon,1
China,Otros,Yemen,2012,Yuan Renminbi,Prius,Teal,1
China,Tesla,United States,2011,Yuan Renminbi,Phantom,Goldenrod,1
China,Saic Motor,Portugal,1996,Yuan Renminbi,Grand Prix,Puce,1
China,Otros,Peru,2005,Yuan Renminbi,Viper,Indigo,1
China,Saic Motor,Greece,2006,Yuan Renminbi,Express 3500,Fuscia,1
China,Build Your Dream,United States,2000,Yuan Renminbi,Express 2500,Turquoise,1
China,Saic Motor,Brazil,2002,Yuan Renminbi,Xterra,Maroon,1
China,Chirey,Syria,2011,Yuan Renminbi,Continental Super,Green,1
China,Kia,France,2002,Yuan Renminbi,RSX,Orange,1
China,General Motors,Russia,1998,Yuan Renminbi,Econoline E350,Purple,1
China,Otros,Brazil,1993,Yuan Renminbi,3500,Violet,1
China,Suzuki,Norway,2010,Yuan Renminbi,PT Cruiser,Purple,1
China,Tesla,China,2003,Yuan Renminbi,QX,Orange,1
China,Nissan,Mongolia,2005,Yuan Renminbi,Passat,Orange,1
China,Nissan,Cyprus,1984,Yuan Renminbi,Continental,Turquoise,1
China,Saic Motor,Russia,2010,Yuan Renminbi,Range Rover,Mauv,1
China,Build Your Dream,Philippines,2000,Yuan Renminbi,Corolla,Green,1
China,Build Your Dream,Philippines,1992,Yuan Renminbi,Pajero,Green,1
China,Chirey,China,1991,Yuan Renminbi,MX-6,Aquamarine,1
China,Build Your Dream,Portugal,1999,Yuan Renminbi,Villager,Turquoise,1
Germany,Nissan,Thailand,2002,Euro,Crown Victoria,Fuscia,1
China,General Motors,Burundi,2003,Yuan Renminbi,Malibu,Khaki,1
China,Suzuki,China,1997,Yuan Renminbi,Malibu,Puce,1
United States,Otros,Poland,2005,Dollar,Exige,Khaki,1
United States,Suzuki,Brazil,2012,Dollar,Durango,Pink,1
China,Chirey,Brazil,1996,Yuan Renminbi,Caprice Classic,Aquamarine,1
China,Tesla,Indonesia,2012,Yuan Renminbi,FCX Clarity,Mauv,1
China,Chirey,Laos,2002,Yuan Renminbi,Nubira,Maroon,1
China,Tesla,Philippines,2006,Yuan Renminbi,Verona,Red,1
United States,Build Your Dream,South Korea,2011,Dollar,Transit Connect,Teal,1
China,Kia,Philippines,2001,Yuan Renminbi,S-Class,Red,1
China,General Motors,Peru,2000,Yuan Renminbi,Firebird,Fuscia,1
China,Chirey,Philippines,2003,Yuan Renminbi,LS,Blue,1
China,Chirey,Kazakhstan,1991,Yuan Renminbi,Trans Sport,Crimson,1
China,Otros,Brazil,2002,Yuan Renminbi,Explorer Sport,Khaki,1
China,Nissan,Indonesia,1994,Yuan Renminbi,Aspire,Fuscia,1
China,Saic Motor,Brazil,2007,Yuan Renminbi,Sierra 1500,Indigo,1
China,Nissan,Philippines,1985,Yuan Renminbi,Familia,Turquoise,1
China,Build Your Dream,Canada,2003,Yuan Renminbi,Escalade ESV,Orange,1
China,Chirey,Sweden,1992,Yuan Renminbi,Xtra,Aquamarine,1
China,Otros,Pakistan,2006,Yuan Renminbi,Baja,Crimson,1
China,Otros,France,1994,Yuan Renminbi,Dakota,Red,1
China,Chirey,Portugal,2004,Yuan Renminbi,Xterra,Aquamarine,1
China,Saic Motor,United States,1998,Yuan Renminbi,Express 2500,Turquoise,1
China,Suzuki,Russia,2001,Yuan Renminbi,Grand Marquis,Turquoise,1
China,Chirey,France,1998,Yuan Renminbi,Odyssey,Crimson,1
China,Nissan,Bangladesh,2006,Yuan Renminbi,CTS,Purple,1
China,Chirey,United States,2009,Yuan Renminbi,GX,Pink,1
United States,Build Your Dream,Peru,2009,Dollar,9-5,Fuscia,1
China,Suzuki,China,1974,Yuan Renminbi,GTO,Goldenrod,1
China,Tesla,Ukraine,1992,Yuan Renminbi,300ZX,Red,1
China,Nissan,Costa Rica,1995,Yuan Renminbi,Viper RT/10,Indigo,1
China,Otros,Croatia,2004,Yuan Renminbi,Touareg,Khaki,1
China,General Motors,Greece,2012,Yuan Renminbi,Legacy,Yellow,1
China,Nissan,Iran,2009,Yuan Renminbi,TT,Mauv,1
China,Suzuki,Russia,2003,Yuan Renminbi,Century,Orange,1
China,Saic Motor,Philippines,2006,Yuan Renminbi,V8 Vantage,Orange,1
China,Nissan,Luxembourg,2007,Yuan Renminbi,Ram,Indigo,1
China,Saic Motor,Colombia,1998,Yuan Renminbi,Quest,Blue,1
China,Nissan,Democratic Republic of the Congo,2010,Yuan Renminbi,Mazda6,Green,1
China,Kia,Lebanon,2001,Yuan Renminbi,Cavalier,Mauv,1
China,Otros,China,1993,Yuan Renminbi,Eclipse,Fuscia,1
China,General Motors,Brazil,2010,Yuan Renminbi,Sierra 2500,Orange,1
China,Otros,Poland,2004,Yuan Renminbi,Camry,Yellow,1
China,Saic Motor,Poland,2003,Yuan Renminbi,Aurora,Violet,1
China,Otros,China,1985,Yuan Renminbi,Grand Prix,Purple,1
China,Suzuki,Canada,1998,Yuan Renminbi,Supra,Aquamarine,1
China,General Motors,Poland,2002,Yuan Renminbi,Spyder,Crimson,1
China,Tesla,Bosnia and Herzegovina,1986,Yuan Renminbi,5000S,Crimson,1
United States,Saic Motor,Russia,1992,Dollar,Topaz,Yellow,1
China,Kia,Portugal,2005,Yuan Renminbi,57S,Goldenrod,1
United States,Build Your Dream,Brazil,1992,Dollar,Corolla,Teal,1
China,Build Your Dream,Nigeria,2000,Yuan Renminbi,A4,Purple,1
United States,Kia,Serbia,2009,Dollar,S60,Green,1
China,Suzuki,China,1969,Yuan Renminbi,Camaro,Green,1
China,Tesla,Tanzania,2005,Yuan Renminbi,Grand Caravan,Crimson,1
China,General Motors,Brazil,1997,Yuan Renminbi,RAV4,Khaki,1
China,Nissan,Dominican Republic,1986,Yuan Renminbi,Leone,Puce,1
China,Kia,Philippines,2006,Yuan Renminbi,LR3,Teal,1
China,Saic Motor,Serbia,2011,Yuan Renminbi,Escalade ESV,Puce,1
China,Build Your Dream,United States,2010,Yuan Renminbi,Yaris,Aquamarine,1
China,Chirey,China,2005,Yuan Renminbi,330,Khaki,1
China,Kia,Canada,1999,Yuan Renminbi,Cavalier,Red,1
China,Build Your Dream,Peru,2010,Yuan Renminbi,Continental Super,Fuscia,1
China,Kia,Kenya,2004,Yuan Renminbi,Galant,Purple,1
China,Tesla,Tanzania,2006,Yuan Renminbi,Ram 2500,Fuscia,1
United States,General Motors,Chad,2011,Dollar,Suburban 2500,Fuscia,1
Germany,General Motors,Indonesia,2004,Euro,Sienna,Blue,1
United States,Kia,Indonesia,1999,Dollar,Navigator,Maroon,1
China,Build Your Dream,Philippines,2010,Yuan Renminbi,Camry,Red,1
China,Nissan,Jordan,2007,Yuan Renminbi,A8,Turquoise,1
China,General Motors,Greece,2011,Yuan Renminbi,IS F,Red,1
China,Build Your Dream,China,2012,Yuan Renminbi,Sorento,Indigo,1
United States,Saic Motor,Nigeria,2007,Dollar,Pacifica,Yellow,1
China,Chirey,Cameroon,2012,Yuan Renminbi,FX,Khaki,1
China,Saic Motor,Poland,1998,Yuan Renminbi,Ram 2500,Yellow,1
China,Saic Motor,Greece,1993,Yuan Renminbi,600SEC,Puce,1
China,Chirey,France,1994,Yuan Renminbi,Summit,Blue,1
China,Tesla,Canada,2001,Yuan Renminbi,V40,Purple,1
China,Suzuki,Mongolia,2012,Yuan Renminbi,MKS,Goldenrod,1
United States,Saic Motor,Peru,1993,Dollar,Precis,Mauv,1
China,General Motors,China,2012,Yuan Renminbi,Mazda2,Fuscia,1
China,Nissan,Afghanistan,1997,Yuan Renminbi,Sebring,Puce,1
China,Build Your Dream,China,1997,Yuan Renminbi,SLK-Class,Pink,1
China,Saic Motor,China,1994,Yuan Renminbi,Sidekick,Goldenrod,1
China,Kia,Japan,2012,Yuan Renminbi,Yukon XL 1500,Yellow,1
China,Suzuki,Honduras,1994,Yuan Renminbi,SVX,Fuscia,1
China,Tesla,Philippines,2005,Yuan Renminbi,Dakota,Aquamarine,1
China,General Motors,Mongolia,2012,Yuan Renminbi,E-Class,Teal,1
China,Kia,Bolivia,2012,Yuan Renminbi,Prius Plug-in,Violet,1
United States,Saic Motor,Hungary,1999,Dollar,Eldorado,Aquamarine,1
United States,Saic Motor,Cameroon,2001,Dollar,Millenia,Khaki,1
China,Nissan,United States,1996,Yuan Renminbi,Metro,Fuscia,1
China,General Motors,Germany,2009,Yuan Renminbi,Grand Cherokee,Pink,1
China,Tesla,Russia,1995,Yuan Renminbi,3000GT,Turquoise,1
China,Nissan,Bosnia and Herzegovina,2010,Yuan Renminbi,Explorer Sport Trac,Red,1
China,Nissan,Russia,2002,Yuan Renminbi,XG350,Purple,1
China,Build Your Dream,Brazil,1993,Yuan Renminbi,9000,Fuscia,1
China,Nissan,Tunisia,2011,Yuan Renminbi,Express 2500,Maroon,1
China,Build Your Dream,Indonesia,1995,Yuan Renminbi,Supra,Orange,1
China,Saic Motor,China,2007,Yuan Renminbi,Quest,Mauv,1
China,Saic Motor,Indonesia,2003,Yuan Renminbi,Stratus,Puce,1
China,Tesla,South Africa,1989,Yuan Renminbi,Century,Yellow,1
China,Nissan,Indonesia,1997,Yuan Renminbi,Ram 1500,Yellow,1
China,Kia,Indonesia,1996,Yuan Renminbi,Expo LRV,Yellow,1
Germany,Nissan,Russia,2012,Euro,57,Khaki,1
China,General Motors,United States,1994,Yuan Renminbi,C-Class,Orange,1
China,Nissan,Russia,2003,Yuan Renminbi,Neon,Indigo,1
China,Otros,Russia,1999,Yuan Renminbi,SLK-Class,Fuscia,1
China,General Motors,Bangladesh,2006,Yuan Renminbi,Sierra Denali,Purple,1
China,Build Your Dream,Philippines,1992,Yuan Renminbi,Eclipse,Crimson,1
China,General Motors,Colombia,2002,Yuan Renminbi,Sierra 2500,Green,1
China,Chirey,Iran,2012,Yuan Renminbi,R8,Blue,1
United States,Build Your Dream,China,2003,Dollar,Grand Caravan,Yellow,1
China,Kia,Sweden,2000,Yuan Renminbi,Escort,Khaki,1
China,Saic Motor,Belarus,1999,Yuan Renminbi,Express 3500,Red,1
United States,General Motors,China,2006,Dollar,A3,Mauv,1
China,Saic Motor,France,2008,Yuan Renminbi,Odyssey,Crimson,1
China,Tesla,China,1997,Yuan Renminbi,Boxster,Khaki,1
China,Suzuki,China,1993,Yuan Renminbi,Mighty Max,Yellow,1
China,Tesla,Poland,1996,Yuan Renminbi,MPV,Goldenrod,1
China,Saic Motor,Malaysia,2008,Yuan Renminbi,GX,Green,1
China,Saic Motor,Slovenia,1996,Yuan Renminbi,626,Fuscia,1
China,Tesla,Brazil,1998,Yuan Renminbi,Avalon,Crimson,1
China,Chirey,Philippines,1996,Yuan Renminbi,F150,Red,1
China,Nissan,France,2003,Yuan Renminbi,Blackwood,Maroon,1
United States,General Motors,Philippines,2001,Dollar,Tracker,Goldenrod,1
China,Tesla,Indonesia,1997,Yuan Renminbi,X-90,Turquoise,1
China,Nissan,China,1993,Yuan Renminbi,MPV,Turquoise,1
China,Saic Motor,Swaziland,1988,Yuan Renminbi,Continental,Teal,1
China,Tesla,France,2007,Yuan Renminbi,Magnum,Teal,1
China,Saic Motor,Ukraine,1999,Yuan Renminbi,9-3,Puce,1
China,General Motors,China,1986,Yuan Renminbi,Firefly,Red,1
China,Build Your Dream,Ethiopia,2007,Yuan Renminbi,Raider,Mauv,1
China,Tesla,Indonesia,2009,Yuan Renminbi,S4,Khaki,1
China,Tesla,France,2003,Yuan Renminbi,9-5,Violet,1
China,Tesla,China,1996,Yuan Renminbi,Passport,Khaki,1
China,Otros,United States,2002,Yuan Renminbi,V40,Blue,1
China,Build Your Dream,China,1992,Yuan Renminbi,Coachbuilder,Mauv,1
China,Saic Motor,Yemen,1996,Yuan Renminbi,2500,Teal,1
United States,Nissan,Russia,1988,Dollar,Ranger,Crimson,1
China,Suzuki,Canada,2011,Yuan Renminbi,Milan,Yellow,1
China,Tesla,France,2006,Yuan Renminbi,57,Blue,1
China,Build Your Dream,Czech Republic,2004,Yuan Renminbi,E-Series,Goldenrod,1
China,Nissan,China,2010,Yuan Renminbi,Caliber,Crimson,1
China,Suzuki,Brazil,1994,Yuan Renminbi,Lumina,Teal,1
United States,General Motors,Lesotho,1999,Dollar,Dakota,Turquoise,1
China,Suzuki,Greece,2001,Yuan Renminbi,Navigator,Yellow,1
China,Otros,Brazil,2008,Yuan Renminbi,Avalanche,Pink,1
China,Suzuki,Portugal,2004,Yuan Renminbi,M,Mauv,1
China,General Motors,United States,2002,Yuan Renminbi,B-Series,Fuscia,1
China,Nissan,Mongolia,2012,Yuan Renminbi,Sierra,Maroon,1
China,Build Your Dream,Nigeria,1985,Yuan Renminbi,Electra,Mauv,1
China,Kia,Japan,1998,Yuan Renminbi,5 Series,Goldenrod,1
China,Saic Motor,Macedonia,2006,Yuan Renminbi,G-Class,Aquamarine,1
China,General Motors,China,2007,Yuan Renminbi,Ram,Turquoise,1
United States,Saic Motor,Denmark,2001,Dollar,Neon,Violet,1
China,Build Your Dream,Indonesia,2006,Yuan Renminbi,XL7,Green,1
United States,Build Your Dream,Colombia,2012,Dollar,Maxima,Teal,1
China,Suzuki,Vietnam,1995,Yuan Renminbi,Yukon,Blue,1
China,Saic Motor,Indonesia,2007,Yuan Renminbi,9-5,Purple,1
China,Tesla,Indonesia,2001,Yuan Renminbi,Grand Vitara,Teal,1
China,Tesla,China,1993,Yuan Renminbi,Chariot,Green,1
China,General Motors,Ethiopia,2004,Yuan Renminbi,Forenza,Orange,1
China,Saic Motor,Zimbabwe,1988,Yuan Renminbi,S-Class,Indigo,1
China,Build Your Dream,United Kingdom,2000,Yuan Renminbi,Bonneville,Green,1
China,Saic Motor,Mongolia,1984,Yuan Renminbi,E250,Aquamarine,1
China,Chirey,France,1999,Yuan Renminbi,Contour,Purple,1
China,Saic Motor,Yemen,2007,Yuan Renminbi,XK,Green,1
China,Nissan,China,2005,Yuan Renminbi,Santa Fe,Fuscia,1
China,Nissan,Philippines,1993,Yuan Renminbi,Town & Country,Goldenrod,1
China,Nissan,France,2003,Yuan Renminbi,New Beetle,Indigo,1
China,Suzuki,Indonesia,2009,Yuan Renminbi,F150,Aquamarine,1
China,Kia,Bulgaria,2006,Yuan Renminbi,CLK-Class,Violet,1
China,Kia,Croatia,1996,Yuan Renminbi,Sportvan G30,Red,1
China,Saic Motor,Philippines,2006,Yuan Renminbi,V50,Orange,1
China,General Motors,Morocco,1965,Yuan Renminbi,Tempest,Blue,1
China,Tesla,Ukraine,1992,Yuan Renminbi,Vandura 2500,Yellow,1
China,Nissan,Colombia,2006,Yuan Renminbi,57,Goldenrod,1
China,Otros,China,1992,Yuan Renminbi,Alcyone SVX,Green,1
United States,Tesla,Russia,1992,Dollar,Suburban 2500,Turquoise,1
China,Saic Motor,Vietnam,1993,Yuan Renminbi,3500,Orange,1
United States,General Motors,Bolivia,1994,Dollar,Mighty Max,Goldenrod,1
China,Tesla,Ethiopia,1999,Yuan Renminbi,Dakota Club,Yellow,1
China,Chirey,Indonesia,1996,Yuan Renminbi,Summit,Maroon,1
China,Suzuki,Indonesia,2002,Yuan Renminbi,V70,Crimson,1
China,Suzuki,Vietnam,1992,Yuan Renminbi,Eclipse,Teal,1
United States,Tesla,Luxembourg,2006,Dollar,RSX,Green,1
China,Tesla,Czech Republic,2011,Yuan Renminbi,5 Series,Purple,1
United States,Chirey,Venezuela,2001,Dollar,Discovery Series II,Goldenrod,1
China,Otros,China,1985,Yuan Renminbi,B2000,Red,1
China,Build Your Dream,China,2011,Yuan Renminbi,Sportage,Red,1
China,Saic Motor,Philippines,2011,Yuan Renminbi,CR-Z,Maroon,1
China,Otros,China,2005,Yuan Renminbi,Civic Si,Fuscia,1
China,Nissan,Philippines,2007,Yuan Renminbi,Freestar,Crimson,1
China,Saic Motor,Portugal,1994,Yuan Renminbi,Bonneville,Fuscia,1
China,Suzuki,Russia,1988,Yuan Renminbi,Integra,Purple,1
United States,Suzuki,Thailand,1996,Dollar,1500,Yellow,1
United States,Otros,Paraguay,2007,Dollar,i-370,Orange,1
China,Saic Motor,Philippines,1999,Yuan Renminbi,Land Cruiser,Orange,1
China,General Motors,Brazil,2007,Yuan Renminbi,C70,Puce,1
China,Otros,France,2006,Yuan Renminbi,Lucerne,Turquoise,1
China,Chirey,China,1994,Yuan Renminbi,88,Maroon,1
China,Kia,France,1992,Yuan Renminbi,Escort,Green,1
China,Build Your Dream,Russia,1986,Yuan Renminbi,MR2,Red,1
China,Saic Motor,Serbia,2001,Yuan Renminbi,Tahoe,Mauv,1
China,Chirey,China,1995,Yuan Renminbi,MR2,Violet,1
Germany,General Motors,Cuba,2002,Euro,Tacoma Xtra,Red,1
United States,General Motors,China,2008,Dollar,Avalanche,Yellow,1
China,Build Your Dream,Portugal,2003,Yuan Renminbi,Land Cruiser,Teal,1
United States,Otros,Venezuela,2011,Dollar,XC90,Turquoise,1
China,Tesla,Palestinian Territory,2001,Yuan Renminbi,E-Class,Aquamarine,1
China,General Motors,New Caledonia,1986,Yuan Renminbi,Riviera,Orange,1
China,Kia,Cuba,2012,Yuan Renminbi,X5,Blue,1
China,General Motors,Indonesia,1996,Yuan Renminbi,Z3,Crimson,1
China,General Motors,Dominican Republic,1999,Yuan Renminbi,626,Pink,1
China,Build Your Dream,Poland,1992,Yuan Renminbi,Corsica,Crimson,1
China,Otros,Slovenia,2002,Yuan Renminbi,S6,Crimson,1
China,Kia,Honduras,2009,Yuan Renminbi,G3,Green,1
China,Otros,Norway,1994,Yuan Renminbi,Protege,Orange,1
China,Saic Motor,China,2004,Yuan Renminbi,Altima,Yellow,1
China,Kia,Indonesia,2011,Yuan Renminbi,DB9,Aquamarine,1
United States,Build Your Dream,Indonesia,1987,Dollar,Passat,Blue,1
United States,Kia,Honduras,2010,Dollar,GX,Yellow,1
China,Build Your Dream,China,2001,Yuan Renminbi,Malibu,Khaki,1
China,Kia,China,1992,Yuan Renminbi,Dynasty,Orange,1
China,Kia,Russia,1996,Yuan Renminbi,Suburban 2500,Mauv,1
China,General Motors,Canada,1996,Yuan Renminbi,Century,Purple,1
China,Nissan,China,1993,Yuan Renminbi,Cutlass Cruiser,Blue,1
China,Suzuki,Poland,2004,Yuan Renminbi,Envoy XUV,Pink,1
China,Build Your Dream,Peru,2009,Yuan Renminbi,XC70,Indigo,1
China,Tesla,Indonesia,1997,Yuan Renminbi,SVX,Maroon,1
China,Chirey,Russia,1995,Yuan Renminbi,Dakota Club,Aquamarine,1
China,General Motors,Sweden,2009,Yuan Renminbi,Silverado 1500,Indigo,1
China,Nissan,Colombia,2008,Yuan Renminbi,Ram 2500,Indigo,1
China,Nissan,South Korea,1967,Yuan Renminbi,Firebird,Teal,1
China,Otros,Cambodia,2001,Yuan Renminbi,CLK-Class,Aquamarine,1
China,Otros,Brazil,1996,Yuan Renminbi,Thunderbird,Fuscia,1
China,General Motors,China,1993,Yuan Renminbi,Range Rover Classic,Purple,1
United States,Tesla,Luxembourg,2003,Dollar,Rio,Turquoise,1
China,Nissan,Ukraine,1995,Yuan Renminbi,Ram 1500 Club,Crimson,1
China,Tesla,Lithuania,1989,Yuan Renminbi,430,Crimson,1
Italy,Nissan,Palestinian Territory,2006,Euro,Suburban,Puce,1
China,Nissan,Philippines,1996,Yuan Renminbi,8 Series,Orange,1
China,Chirey,Sweden,1998,Yuan Renminbi,LSS,Orange,1
China,Saic Motor,China,2005,Yuan Renminbi,LS,Aquamarine,1
China,General Motors,China,2001,Yuan Renminbi,Z3,Fuscia,1
China,Kia,Indonesia,1989,Yuan Renminbi,928,Yellow,1
China,Chirey,Serbia,1997,Yuan Renminbi,Esprit,Turquoise,1
China,Tesla,Indonesia,2010,Yuan Renminbi,Town & Country,Teal,1
China,Saic Motor,Japan,2011,Yuan Renminbi,CX-9,Crimson,1
China,Chirey,Indonesia,1985,Yuan Renminbi,Quattro,Turquoise,1
China,Nissan,China,1995,Yuan Renminbi,XJ Series,Aquamarine,1
China,Build Your Dream,China,2002,Yuan Renminbi,Quest,Fuscia,1
China,Tesla,China,2005,Yuan Renminbi,Forenza,Mauv,1
China,Saic Motor,Australia,2009,Yuan Renminbi,Borrego,Purple,1
China,Nissan,France,1998,Yuan Renminbi,Dakota Club,Fuscia,1
China,Kia,Nigeria,2007,Yuan Renminbi,MX-5,Yellow,1
China,Otros,China,2004,Yuan Renminbi,Express 2500,Indigo,1
China,Nissan,Haiti,2007,Yuan Renminbi,Escape,Green,1
China,Saic Motor,China,2007,Yuan Renminbi,Montego,Turquoise,1
China,Otros,Indonesia,2003,Yuan Renminbi,Aerio,Violet,1
China,Saic Motor,Mexico,2012,Yuan Renminbi,ES,Khaki,1
United States,Chirey,Bolivia,2002,Dollar,Focus,Puce,1
China,Nissan,Indonesia,2007,Yuan Renminbi,Element,Turquoise,1
China,Tesla,Russia,2009,Yuan Renminbi,GranTurismo,Aquamarine,1
China,General Motors,Indonesia,1996,Yuan Renminbi,Sephia,Blue,1
United States,Nissan,Kazakhstan,1993,Dollar,Metro,Turquoise,1
United States,Suzuki,China,2002,Dollar,Sedona,Goldenrod,1
China,Otros,Morocco,2000,Yuan Renminbi,Grand Am,Turquoise,1
China,Chirey,Netherlands,2007,Yuan Renminbi,Exige,Pink,1
China,Kia,Japan,1997,Yuan Renminbi,DeVille,Goldenrod,1
China,Saic Motor,Russia,1999,Yuan Renminbi,Eldorado,Puce,1
United States,General Motors,Mexico,1992,Dollar,Maxima,Yellow,1
South Korea,Suzuki,Czech Republic,1993,Won,Swift,Maroon,1
China,Chirey,Israel,1992,Yuan Renminbi,Vigor,Orange,1
United States,General Motors,Indonesia,2008,Dollar,Versa,Mauv,1
China,Saic Motor,China,1963,Yuan Renminbi,Grand Prix,Violet,1
China,Saic Motor,Portugal,2006,Yuan Renminbi,Milan,Puce,1
China,Nissan,Russia,1999,Yuan Renminbi,EV1,Aquamarine,1
China,Saic Motor,Bosnia and Herzegovina,2009,Yuan Renminbi,X3,Green,1
United States,Kia,Sweden,2003,Dollar,Rodeo Sport,Mauv,1
China,Chirey,Philippines,2009,Yuan Renminbi,Ram 2500,Violet,1
China,Saic Motor,Luxembourg,1988,Yuan Renminbi,SL-Class,Turquoise,1
Germany,Suzuki,Brazil,2006,Euro,Silverado 2500,Violet,1
China,Build Your Dream,China,2012,Yuan Renminbi,Tundra,Turquoise,1
China,Tesla,France,1994,Yuan Renminbi,C-Class,Mauv,1
China,Tesla,Kiribati,2006,Yuan Renminbi,SLK-Class,Pink,1
China,Kia,United States,2011,Yuan Renminbi,Silverado 2500,Yellow,1
China,Saic Motor,Philippines,2001,Yuan Renminbi,S-Type,Goldenrod,1
China,Chirey,Peru,1991,Yuan Renminbi,W201,Red,1
United States,Kia,Indonesia,1993,Dollar,G-Series G20,Yellow,1
China,Build Your Dream,Tunisia,2002,Yuan Renminbi,V40,Orange,1
China,Suzuki,China,2002,Yuan Renminbi,Monte Carlo,Purple,1
China,Otros,China,2010,Yuan Renminbi,Santa Fe,Yellow,1
China,Otros,Indonesia,1986,Yuan Renminbi,Tredia,Goldenrod,1
United States,General Motors,Russia,2007,Dollar,Express 1500,Blue,1
China,Chirey,Russia,1992,Yuan Renminbi,W201,Goldenrod,1
China,Nissan,China,2010,Yuan Renminbi,Fusion,Indigo,1
United States,General Motors,Indonesia,1991,Dollar,MX-5,Violet,1
China,Tesla,Albania,1994,Yuan Renminbi,Impala,Mauv,1
China,Build Your Dream,Albania,1992,Yuan Renminbi,Summit,Yellow,1
China,Kia,Philippines,1992,Yuan Renminbi,GTO,Aquamarine,1
China,Chirey,Indonesia,2007,Yuan Renminbi,Mark LT,Green,1
China,Tesla,Indonesia,1999,Yuan Renminbi,Discovery Series II,Blue,1
United States,Build Your Dream,Japan,1986,Dollar,4000CS Quattro,Goldenrod,1
China,General Motors,Canada,2001,Yuan Renminbi,911,Puce,1
China,Nissan,Russia,2003,Yuan Renminbi,Pathfinder,Indigo,1
China,Kia,Malawi,2007,Yuan Renminbi,Rondo,Yellow,1
China,Nissan,Peru,2006,Yuan Renminbi,S-Class,Orange,1
China,Saic Motor,Greece,2010,Yuan Renminbi,LS,Turquoise,1
China,General Motors,China,1993,Yuan Renminbi,Vandura 3500,Teal,1
China,Otros,China,2004,Yuan Renminbi,Corvette,Blue,1
United States,Kia,China,2005,Dollar,Thunderbird,Khaki,1
China,Nissan,Philippines,1997,Yuan Renminbi,Taurus,Puce,1
China,Saic Motor,Pakistan,2006,Yuan Renminbi,Suburban,Mauv,1
China,Build Your Dream,Russia,2011,Yuan Renminbi,Landaulet,Puce,1
China,Suzuki,China,2002,Yuan Renminbi,LS,Mauv,1
United States,Kia,Russia,2010,Dollar,Suburban,Pink,1
China,Saic Motor,France,1998,Yuan Renminbi,Grand Am,Green,1
China,Otros,China,1996,Yuan Renminbi,Celica,Puce,1
China,Saic Motor,Colombia,1994,Yuan Renminbi,Eclipse,Fuscia,1
China,Chirey,Ivory Coast,2008,Yuan Renminbi,Caravan,Green,1
China,Otros,China,2005,Yuan Renminbi,Phantom,Goldenrod,1
China,Saic Motor,Sudan,2013,Yuan Renminbi,X6,Crimson,1
China,Saic Motor,China,2009,Yuan Renminbi,Highlander,Violet,1
China,Kia,China,2011,Yuan Renminbi,IS-F,Blue,1
China,General Motors,France,1990,Yuan Renminbi,Town Car,Turquoise,1
China,Saic Motor,Iraq,1992,Yuan Renminbi,MX-5,Teal,1
China,Suzuki,Tunisia,2002,Yuan Renminbi,Sentra,Purple,1
China,Suzuki,Czech Republic,2002,Yuan Renminbi,F-Series,Aquamarine,1
China,General Motors,China,1996,Yuan Renminbi,Grand Caravan,Yellow,1
China,Chirey,China,2004,Yuan Renminbi,Yukon XL 1500,Aquamarine,1
China,Otros,Indonesia,2007,Yuan Renminbi,Suburban 2500,Indigo,1
China,Nissan,Pakistan,1994,Yuan Renminbi,Mighty Max,Teal,1
China,General Motors,Poland,2006,Yuan Renminbi,Crossfire,Aquamarine,1
China,Otros,China,1995,Yuan Renminbi,Alcyone SVX,Teal,1
China,Tesla,Indonesia,2009,Yuan Renminbi,Express 3500,Maroon,1
South Korea,Suzuki,Sweden,1985,Won,Brat,Mauv,1
China,Otros,Yemen,1990,Yuan Renminbi,Bronco II,Puce,1
China,Tesla,Russia,2012,Yuan Renminbi,Regal,Aquamarine,1
Italy,Saic Motor,Indonesia,1996,Euro,T100,Violet,1
China,Kia,China,2007,Yuan Renminbi,Yukon,Crimson,1
United States,Build Your Dream,Indonesia,2003,Dollar,C70,Turquoise,1
China,General Motors,Mongolia,1994,Yuan Renminbi,Caprice,Turquoise,1
China,Otros,Philippines,2001,Yuan Renminbi,X5,Pink,1
China,Chirey,Ireland,2003,Yuan Renminbi,Tahoe,Teal,1
China,Chirey,Croatia,2012,Yuan Renminbi,Outback,Green,1
United States,Saic Motor,Indonesia,2010,Dollar,Continental GTC,Turquoise,1
China,Suzuki,Poland,1996,Yuan Renminbi,Impala,Fuscia,1
China,Suzuki,Russia,2012,Yuan Renminbi,Leaf,Yellow,1
China,Chirey,Philippines,1997,Yuan Renminbi,Astro,Orange,1
China,Kia,Macedonia,1992,Yuan Renminbi,DeVille,Teal,1
China,Kia,Philippines,1998,Yuan Renminbi,Explorer,Orange,1
China,Chirey,Sweden,2011,Yuan Renminbi,TT,Goldenrod,1
China,Nissan,Indonesia,2004,Yuan Renminbi,Envoy XL,Puce,1
China,Kia,China,2007,Yuan Renminbi,Legacy,Pink,1
China,Kia,Philippines,2013,Yuan Renminbi,Yukon,Mauv,1
China,Chirey,Sweden,1997,Yuan Renminbi,Protege,Green,1
China,Chirey,China,2008,Yuan Renminbi,Tucson,Blue,1
China,Chirey,Argentina,2007,Yuan Renminbi,Forester,Turquoise,1
China,Tesla,France,1995,Yuan Renminbi,Accent,Pink,1
United States,Kia,China,2012,Dollar,Cayman,Puce,1
China,Suzuki,Russia,2006,Yuan Renminbi,XC70,Violet,1
South Korea,Kia,Philippines,1997,Won,Sebring,Maroon,1
China,Saic Motor,Japan,2008,Yuan Renminbi,Mountaineer,Indigo,1
China,Kia,Austria,2012,Yuan Renminbi,Expedition EL,Goldenrod,1
China,General Motors,Philippines,2009,Yuan Renminbi,Mazda3,Yellow,1
China,General Motors,Czech Republic,2007,Yuan Renminbi,Caliber,Crimson,1
China,Kia,Guatemala,2007,Yuan Renminbi,Equinox,Goldenrod,1
China,Chirey,China,1983,Yuan Renminbi,RX-7,Red,1
China,Otros,Peru,1989,Yuan Renminbi,Eclipse,Orange,1
China,Tesla,Philippines,1993,Yuan Renminbi,Mighty Max,Purple,1
China,Otros,Philippines,1993,Yuan Renminbi,Miata MX-5,Green,1
China,General Motors,Sweden,2000,Yuan Renminbi,Insight,Puce,1
China,Nissan,Bolivia,2011,Yuan Renminbi,Rogue,Crimson,1
China,Otros,Uganda,2000,Yuan Renminbi,Elantra,Orange,1
China,Tesla,Philippines,2011,Yuan Renminbi,M-Class,Mauv,1
South Korea,Nissan,New Zealand,2005,Won,Cavalier,Puce,1
China,Otros,Brazil,2005,Yuan Renminbi,Forester,Puce,1
China,Nissan,Indonesia,2012,Yuan Renminbi,Range Rover,Mauv,1
China,General Motors,Indonesia,2001,Yuan Renminbi,Dakota Club,Yellow,1
United States,General Motors,China,1988,Dollar,900,Blue,1
China,Otros,Belarus,2006,Yuan Renminbi,Exige,Mauv,1
United States,Nissan,United States,2008,Dollar,Quest,Purple,1
China,Kia,Cameroon,2004,Yuan Renminbi,Mazda3,Purple,1
China,Suzuki,China,2008,Yuan Renminbi,IS,Violet,1
China,Otros,Russia,2009,Yuan Renminbi,Landaulet,Turquoise,1
Germany,Saic Motor,China,1998,Euro,Durango,Pink,1
China,Tesla,Ukraine,2001,Yuan Renminbi,Discovery,Blue,1
China,Saic Motor,Philippines,2006,Yuan Renminbi,xB,Violet,1
China,General Motors,Philippines,2009,Yuan Renminbi,XL7,Orange,1
United States,General Motors,Canada,1969,Dollar,Charger,Orange,1
United States,Otros,Guatemala,2003,Dollar,Land Cruiser,Orange,1
China,Otros,Indonesia,2001,Yuan Renminbi,Avalon,Mauv,1
China,Suzuki,China,2008,Yuan Renminbi,Eclipse,Teal,1
China,Otros,Philippines,1994,Yuan Renminbi,Diablo,Mauv,1
China,Saic Motor,Somalia,1996,Yuan Renminbi,Truck,Teal,1
China,Kia,Panama,2002,Yuan Renminbi,I,Red,1
China,Tesla,Portugal,2000,Yuan Renminbi,Tacoma,Crimson,1
China,Saic Motor,China,2012,Yuan Renminbi,G37,Purple,1
China,Saic Motor,Poland,2005,Yuan Renminbi,Mazda6,Green,1
China,Saic Motor,France,1985,Yuan Renminbi,Grand Prix,Crimson,1
China,General Motors,China,2012,Yuan Renminbi,Tribeca,Pink,1
China,Saic Motor,Indonesia,1993,Yuan Renminbi,GS,Puce,1
China,Build Your Dream,Philippines,1998,Yuan Renminbi,CL-Class,Goldenrod,1
China,Saic Motor,France,2001,Yuan Renminbi,CR-V,Green,1
China,Otros,Netherlands,2001,Yuan Renminbi,Dakota Club,Puce,1
China,Build Your Dream,China,1995,Yuan Renminbi,3000GT,Khaki,1
China,Saic Motor,Syria,2010,Yuan Renminbi,Yaris,Goldenrod,1
China,Build Your Dream,Ivory Coast,1990,Yuan Renminbi,Topaz,Orange,1
China,Suzuki,China,2010,Yuan Renminbi,Miata MX-5,Aquamarine,1
China,Build Your Dream,Sweden,2011,Yuan Renminbi,Civic,Khaki,1
China,Saic Motor,China,1993,Yuan Renminbi,Eurovan,Puce,1
China,Otros,Portugal,2007,Yuan Renminbi,Sportage,Red,1
China,Nissan,Peru,1998,Yuan Renminbi,Trans Sport,Violet,1
China,Build Your Dream,China,2007,Yuan Renminbi,G-Class,Goldenrod,1
China,Kia,China,2000,Yuan Renminbi,Eclipse,Puce,1
China,Chirey,China,1996,Yuan Renminbi,Savana 3500,Maroon,1
United States,Otros,China,1983,Dollar,Sunbird,Crimson,1
China,Otros,Croatia,1996,Yuan Renminbi,Escort,Orange,1
China,Nissan,Honduras,1993,Yuan Renminbi,S-Series,Violet,1
China,Chirey,Mongolia,2011,Yuan Renminbi,Ridgeline,Purple,1
China,Tesla,Poland,2007,Yuan Renminbi,CX-7,Maroon,1
China,Nissan,Russia,1993,Yuan Renminbi,Diablo,Goldenrod,1
United States,Nissan,Philippines,2006,Dollar,XLR-V,Mauv,1
China,Chirey,El Salvador,2006,Yuan Renminbi,Tucson,Red,1
Italy,Tesla,China,1992,Euro,Cherokee,Crimson,1
China,Chirey,China,1991,Yuan Renminbi,Caprice,Red,1
China,Build Your Dream,China,2003,Yuan Renminbi,Lancer Evolution,Aquamarine,1
China,Build Your Dream,Democratic Republic of the Congo,2009,Yuan Renminbi,Tundra,Turquoise,1
China,Nissan,Denmark,1998,Yuan Renminbi,Suburban 1500,Orange,1
China,General Motors,Russia,1998,Yuan Renminbi,3 Series,Khaki,1
China,Build Your Dream,Russia,2003,Yuan Renminbi,Sierra 1500,Turquoise,1
China,General Motors,Sri Lanka,1991,Yuan Renminbi,SJ,Teal,1
United States,Kia,China,1995,Dollar,Sentra,Yellow,1
China,Chirey,Indonesia,2012,Yuan Renminbi,Ridgeline,Yellow,1
China,Saic Motor,Gambia,2001,Yuan Renminbi,rio,Pink,1
China,Nissan,China,2002,Yuan Renminbi,Sportage,Fuscia,1
China,Tesla,Portugal,1987,Yuan Renminbi,Justy,Puce,1
China,Kia,Philippines,1994,Yuan Renminbi,S10 Blazer,Indigo,1
China,Saic Motor,Brazil,1993,Yuan Renminbi,Club Wagon,Orange,1
China,Otros,Indonesia,2007,Yuan Renminbi,Cayman,Pink,1
China,Build Your Dream,Kyrgyzstan,2004,Yuan Renminbi,Passat,Violet,1
China,Kia,Indonesia,2010,Yuan Renminbi,Mariner,Purple,1
China,Otros,Honduras,2010,Yuan Renminbi,FX,Indigo,1
China,Nissan,Uzbekistan,1993,Yuan Renminbi,Rally Wagon 3500,Teal,1
China,Chirey,Czech Republic,2004,Yuan Renminbi,Freestar,Red,1
United States,Otros,Vietnam,2004,Dollar,Sparrow,Fuscia,1
China,Tesla,China,2005,Yuan Renminbi,Touareg,Turquoise,1
China,Kia,Honduras,1995,Yuan Renminbi,Trans Sport,Indigo,1
China,Chirey,South Africa,2002,Yuan Renminbi,Pajero,Pink,1
China,Chirey,Colombia,1957,Yuan Renminbi,600,Orange,1
China,Chirey,Ukraine,1997,Yuan Renminbi,Defender,Blue,1
China,Chirey,China,1998,Yuan Renminbi,Eldorado,Purple,1
China,Suzuki,United Arab Emirates,1995,Yuan Renminbi,Coachbuilder,Indigo,1
China,Suzuki,Nigeria,2011,Yuan Renminbi,F150,Aquamarine,1
China,Build Your Dream,Yemen,2000,Yuan Renminbi,Swift,Fuscia,1
China,Otros,China,1996,Yuan Renminbi,Ram 3500,Mauv,1
China,Tesla,Czech Republic,2009,Yuan Renminbi,Highlander,Goldenrod,1
China,Otros,France,1992,Yuan Renminbi,riolet,Pink,1
China,Otros,France,1988,Yuan Renminbi,Ranger,Red,1
China,General Motors,Poland,1990,Yuan Renminbi,Corrado,Blue,1
China,Tesla,Tanzania,2002,Yuan Renminbi,Aurora,Puce,1
China,Otros,Italy,1999,Yuan Renminbi,Envoy,Goldenrod,1
China,Chirey,Poland,2010,Yuan Renminbi,Mustang,Aquamarine,1
China,Chirey,Indonesia,2007,Yuan Renminbi,VUE,Maroon,1
Germany,Suzuki,France,1997,Euro,Range Rover,Indigo,1
China,Tesla,Thailand,1992,Yuan Renminbi,Mighty Max Macro,Khaki,1
United States,Kia,Tunisia,2001,Dollar,Esteem,Violet,1
China,Chirey,Syria,2008,Yuan Renminbi,Range Rover,Mauv,1
China,Chirey,Bolivia,2000,Yuan Renminbi,Millenia,Yellow,1
China,Chirey,Sweden,2006,Yuan Renminbi,CTS,Yellow,1
China,Tesla,Mongolia,2004,Yuan Renminbi,S10,Aquamarine,1
China,Tesla,China,1996,Yuan Renminbi,98,Teal,1
China,Nissan,Bahamas,1997,Yuan Renminbi,Sportage,Purple,1
China,Otros,Uzbekistan,2011,Yuan Renminbi,Mazda3,Aquamarine,1
China,Suzuki,Sweden,2004,Yuan Renminbi,Ram 1500,Purple,1
China,Chirey,Portugal,2006,Yuan Renminbi,Mazda6 5-Door,Indigo,1
United States,Chirey,China,2012,Dollar,F350,Green,1
China,Suzuki,Czech Republic,2005,Yuan Renminbi,Camry,Orange,1
China,Otros,Russia,1965,Yuan Renminbi,Mustang,Goldenrod,1
China,Otros,Dominican Republic,1996,Yuan Renminbi,Tacoma Xtra,Red,1
China,Build Your Dream,South Korea,1997,Yuan Renminbi,F250,Red,1
China,Build Your Dream,Kazakhstan,2010,Yuan Renminbi,DTS,Indigo,1
China,Build Your Dream,Indonesia,1987,Yuan Renminbi,Grand Prix,Fuscia,1
United States,Kia,Belarus,1997,Dollar,Lumina,Puce,1
China,Saic Motor,France,2000,Yuan Renminbi,Frontier,Fuscia,1
China,Suzuki,Philippines,2002,Yuan Renminbi,Caravan,Goldenrod,1
China,Suzuki,Japan,1983,Yuan Renminbi,Accord,Orange,1
China,Saic Motor,France,1999,Yuan Renminbi,1500,Indigo,1
China,General Motors,Indonesia,2005,Yuan Renminbi,Sedona,Yellow,1
China,Saic Motor,China,2006,Yuan Renminbi,300,Green,1
China,General Motors,Chile,1992,Yuan Renminbi,S10 Blazer,Khaki,1
China,Build Your Dream,Poland,1990,Yuan Renminbi,Grand Marquis,Red,1
China,Build Your Dream,France,2009,Yuan Renminbi,Focus,Turquoise,1
China,Nissan,Pakistan,1993,Yuan Renminbi,Diamante,Yellow,1
China,Tesla,Tanzania,1962,Yuan Renminbi,Grand Prix,Orange,1
China,Kia,Canada,1995,Yuan Renminbi,Coachbuilder,Goldenrod,1
China,Chirey,Philippines,2000,Yuan Renminbi,Corvette,Turquoise,1
China,Build Your Dream,Philippines,2011,Yuan Renminbi,Sedona,Maroon,1
China,Suzuki,Morocco,2005,Yuan Renminbi,F350,Fuscia,1
China,Kia,Russia,1997,Yuan Renminbi,Intrepid,Red,1
China,Nissan,Poland,1995,Yuan Renminbi,Ram 3500 Club,Indigo,1
China,Saic Motor,United States,1993,Yuan Renminbi,240SX,Goldenrod,1
China,Kia,Croatia,2012,Yuan Renminbi,Fusion,Khaki,1
China,Chirey,Indonesia,1996,Yuan Renminbi,Tercel,Goldenrod,1
China,Nissan,Argentina,2006,Yuan Renminbi,Tribeca,Goldenrod,1
China,Tesla,Indonesia,2010,Yuan Renminbi,Evora,Fuscia,1
China,Suzuki,United States,1997,Yuan Renminbi,B-Series,Turquoise,1
United States,Suzuki,China,2007,Dollar,Sportage,Blue,1
China,Otros,Indonesia,2012,Yuan Renminbi,Panamera,Aquamarine,1
China,Chirey,Indonesia,2003,Yuan Renminbi,Park Avenue,Maroon,1
China,Build Your Dream,Indonesia,2010,Yuan Renminbi,XK,Maroon,1
China,Nissan,Colombia,2004,Yuan Renminbi,A6,Purple,1
China,Otros,Colombia,1992,Yuan Renminbi,SL-Class,Mauv,1
China,Chirey,Panama,2006,Yuan Renminbi,Sierra 1500,Goldenrod,1
China,Suzuki,Vietnam,2009,Yuan Renminbi,IS-F,Goldenrod,1
China,Suzuki,Peru,2008,Yuan Renminbi,Carens,Khaki,1
China,Suzuki,Philippines,1994,Yuan Renminbi,Expo,Mauv,1
China,Build Your Dream,United States,1992,Yuan Renminbi,Firebird Formula,Mauv,1
China,Nissan,China,2005,Yuan Renminbi,Rendezvous,Pink,1
United States,General Motors,Japan,1999,Dollar,XK Series,Mauv,1
China,Kia,Thailand,1996,Yuan Renminbi,Miata MX-5,Maroon,1
China,Chirey,Poland,2009,Yuan Renminbi,Vantage,Turquoise,1
China,Build Your Dream,France,1985,Yuan Renminbi,928,Crimson,1
China,General Motors,Turkmenistan,1993,Yuan Renminbi,Econoline E150,Teal,1
China,Kia,Russia,2000,Yuan Renminbi,LS,Teal,1
China,Build Your Dream,Cuba,2010,Yuan Renminbi,Impreza,Orange,1
China,Otros,Kenya,1998,Yuan Renminbi,LX,Teal,1
China,Nissan,Indonesia,1998,Yuan Renminbi,Mirage,Mauv,1
China,Chirey,China,2000,Yuan Renminbi,Prizm,Indigo,1
China,Nissan,Indonesia,2009,Yuan Renminbi,SC,Goldenrod,1
China,Nissan,Cyprus,2008,Yuan Renminbi,Ridgeline,Puce,1
China,Suzuki,China,1996,Yuan Renminbi,A6,Khaki,1
China,General Motors,China,2011,Yuan Renminbi,DBS,Aquamarine,1
South Korea,Suzuki,Portugal,1986,Won,Ranger,Puce,1
China,Suzuki,France,2001,Yuan Renminbi,V40,Violet,1
China,Kia,Vietnam,2000,Yuan Renminbi,Focus,Turquoise,1
China,Nissan,Nicaragua,1984,Yuan Renminbi,EXP,Mauv,1
China,Saic Motor,Azerbaijan,2010,Yuan Renminbi,Grand Marquis,Violet,1
China,Chirey,China,1991,Yuan Renminbi,430,Khaki,1
China,Kia,Indonesia,1994,Yuan Renminbi,Lightning,Violet,1
China,General Motors,Indonesia,1998,Yuan Renminbi,Sidekick,Pink,1
China,Kia,Czech Republic,2005,Yuan Renminbi,NSX,Purple,1
China,Nissan,Bulgaria,2004,Yuan Renminbi,Safari,Orange,1
China,Tesla,Poland,1992,Yuan Renminbi,Wrangler,Khaki,1
China,Tesla,Indonesia,2002,Yuan Renminbi,Montana,Pink,1
China,Kia,Nepal,2011,Yuan Renminbi,TT,Green,1
China,Nissan,Brazil,2002,Yuan Renminbi,626,Khaki,1
China,Suzuki,Afghanistan,1998,Yuan Renminbi,I,Crimson,1
China,Suzuki,Indonesia,2012,Yuan Renminbi,TL,Orange,1
China,Tesla,Morocco,2005,Yuan Renminbi,Sonata,Violet,1
China,Tesla,China,1965,Yuan Renminbi,Thunderbird,Green,1
China,Suzuki,China,2012,Yuan Renminbi,Passat,Indigo,1
China,Kia,United States,2001,Yuan Renminbi,DeVille,Indigo,1
China,General Motors,Philippines,2009,Yuan Renminbi,A8,Orange,1
United States,Suzuki,Portugal,1999,Dollar,Galant,Puce,1
China,Nissan,Indonesia,2008,Yuan Renminbi,MurciÃ©lago LP640,Maroon,1
Italy,General Motors,China,2002,Euro,Alero,Turquoise,1
China,Tesla,China,1999,Yuan Renminbi,Neon,Blue,1
China,Kia,France,2004,Yuan Renminbi,LX,Maroon,1
United States,Build Your Dream,Poland,2002,Dollar,Mirage,Purple,1
China,General Motors,China,1987,Yuan Renminbi,Cordia,Maroon,1
China,Otros,Azerbaijan,2003,Yuan Renminbi,Seville,Green,1
China,Chirey,China,2002,Yuan Renminbi,Land Cruiser,Purple,1
China,Nissan,Greece,2013,Yuan Renminbi,X5,Green,1
China,Kia,China,1988,Yuan Renminbi,900,Indigo,1
United States,Build Your Dream,Indonesia,1987,Dollar,S-Class,Turquoise,1
China,General Motors,Micronesia,1967,Yuan Renminbi,GTO,Indigo,1
United States,Chirey,Ukraine,2005,Dollar,Thunderbird,Teal,1
China,Otros,Peru,2001,Yuan Renminbi,Yukon XL 1500,Goldenrod,1
China,Build Your Dream,Indonesia,1986,Yuan Renminbi,Jetta,Maroon,1
United States,Build Your Dream,Japan,1998,Dollar,4Runner,Turquoise,1
China,Chirey,Portugal,2009,Yuan Renminbi,6 Series,Maroon,1
China,Build Your Dream,China,2005,Yuan Renminbi,Land Cruiser,Turquoise,1
China,Suzuki,Albania,1998,Yuan Renminbi,Suburban 2500,Aquamarine,1
China,Nissan,Japan,2006,Yuan Renminbi,Zephyr,Crimson,1
United States,Chirey,Uganda,2000,Dollar,Ram Van 2500,Crimson,1
China,Build Your Dream,Pakistan,1988,Yuan Renminbi,Skylark,Turquoise,1
China,Build Your Dream,Guatemala,1968,Yuan Renminbi,Charger,Orange,1
China,Tesla,Russia,1993,Yuan Renminbi,Tercel,Indigo,1
China,Kia,Philippines,1999,Yuan Renminbi,Savana 3500,Violet,1
China,Kia,Greece,1993,Yuan Renminbi,968,Red,1
China,Nissan,Czech Republic,2003,Yuan Renminbi,Blackwood,Violet,1
China,Nissan,China,1994,Yuan Renminbi,Mirage,Teal,1
United States,Tesla,Swaziland,2003,Dollar,Ram Van 1500,Teal,1
China,Saic Motor,China,2004,Yuan Renminbi,Sequoia,Mauv,1
China,Build Your Dream,Pakistan,1991,Yuan Renminbi,911,Khaki,1
China,Suzuki,Macedonia,1994,Yuan Renminbi,Vandura 1500,Indigo,1
United States,Saic Motor,France,1997,Dollar,9000,Orange,1
China,Kia,China,2008,Yuan Renminbi,C70,Pink,1
China,Kia,Mexico,2001,Yuan Renminbi,New Beetle,Mauv,1
China,Chirey,Nigeria,1993,Yuan Renminbi,3000GT,Orange,1
China,Kia,Canada,1993,Yuan Renminbi,Pathfinder,Aquamarine,1
China,Nissan,Poland,1984,Yuan Renminbi,944,Puce,1
United States,Suzuki,Argentina,1993,Dollar,Club Wagon,Violet,1
China,General Motors,Philippines,2004,Yuan Renminbi,Town Car,Purple,1
China,Otros,China,1997,Yuan Renminbi,3500,Turquoise,1
Germany,Saic Motor,France,1997,Euro,V90,Red,1
China,Tesla,Finland,1989,Yuan Renminbi,Firefly,Green,1
China,Tesla,Sweden,1992,Yuan Renminbi,Cressida,Indigo,1
China,Saic Motor,Morocco,2003,Yuan Renminbi,Xterra,Khaki,1
China,Build Your Dream,Canada,2007,Yuan Renminbi,Mazda5,Goldenrod,1
South Korea,General Motors,Japan,2005,Won,tC,Goldenrod,1
China,Suzuki,Pakistan,1998,Yuan Renminbi,LeSabre,Puce,1
China,General Motors,Indonesia,1989,Yuan Renminbi,Chariot,Aquamarine,1
China,Chirey,China,2002,Yuan Renminbi,Tundra,Green,1
China,Saic Motor,Russia,1985,Yuan Renminbi,Bronco II,Blue,1
China,Chirey,Sweden,2001,Yuan Renminbi,Cabriolet,Violet,1
China,Nissan,Indonesia,2009,Yuan Renminbi,Exige,Violet,1
China,Build Your Dream,El Salvador,2003,Yuan Renminbi,Pathfinder,Orange,1
China,Otros,Belarus,1996,Yuan Renminbi,Park Avenue,Aquamarine,1
China,Otros,Laos,2001,Yuan Renminbi,Concorde,Orange,1
China,Saic Motor,China,2000,Yuan Renminbi,Expedition,Fuscia,1
China,Kia,Aruba,2004,Yuan Renminbi,Exige,Violet,1
China,General Motors,China,1995,Yuan Renminbi,Vandura G1500,Turquoise,1
United States,Otros,Colombia,1993,Dollar,LeMans,Pink,1
China,Kia,Russia,1994,Yuan Renminbi,Escort,Pink,1
China,Chirey,Russia,2006,Yuan Renminbi,Civic Si,Goldenrod,1
China,General Motors,Dominican Republic,2012,Yuan Renminbi,Q7,Teal,1
China,Chirey,Indonesia,1992,Yuan Renminbi,G-Series G10,Violet,1
China,Saic Motor,Sweden,2000,Yuan Renminbi,L-Series,Violet,1
China,General Motors,Indonesia,1995,Yuan Renminbi,Summit,Blue,1
China,Nissan,Haiti,1992,Yuan Renminbi,GTI,Yellow,1
South Korea,Otros,Bulgaria,1999,Won,Quest,Indigo,1
China,Build Your Dream,Peru,2007,Yuan Renminbi,Tucson,Khaki,1
United States,Saic Motor,Poland,2008,Dollar,Quattroporte,Teal,1
China,Kia,North Korea,2002,Yuan Renminbi,Explorer,Orange,1
China,Build Your Dream,Norway,1992,Yuan Renminbi,Firebird Formula,Goldenrod,1
China,Nissan,China,2001,Yuan Renminbi,Viper,Violet,1
China,Otros,China,2011,Yuan Renminbi,Venza,Purple,1
China,Chirey,Indonesia,1986,Yuan Renminbi,Jetta,Puce,1
China,General Motors,Czech Republic,2008,Yuan Renminbi,Impala,Red,1
China,Nissan,Syria,2005,Yuan Renminbi,Ranger,Indigo,1
China,Otros,China,1992,Yuan Renminbi,Grand Voyager,Purple,1
China,Tesla,Swaziland,1997,Yuan Renminbi,S-Class,Turquoise,1
China,Kia,Russia,2012,Yuan Renminbi,DB9,Orange,1
China,Saic Motor,China,2012,Yuan Renminbi,Azera,Turquoise,1
China,Tesla,Finland,1988,Yuan Renminbi,Countach,Yellow,1
United States,Otros,Palestinian Territory,2011,Dollar,Golf,Turquoise,1
China,Otros,Indonesia,2011,Yuan Renminbi,LR4,Blue,1
United States,Nissan,China,2010,Dollar,599 GTB Fiorano,Aquamarine,1
United States,Saic Motor,France,1999,Dollar,Sonoma,Yellow,1
China,Tesla,Indonesia,1990,Yuan Renminbi,Jetta,Aquamarine,1
China,Tesla,China,2002,Yuan Renminbi,Expedition,Orange,1
United States,General Motors,Nigeria,2005,Dollar,Endeavor,Orange,1
China,Otros,China,2004,Yuan Renminbi,Yukon XL 1500,Crimson,1
United States,Build Your Dream,Indonesia,1996,Dollar,Truck,Violet,1
China,Suzuki,Japan,2012,Yuan Renminbi,Elantra,Blue,1
China,Otros,Nigeria,1999,Yuan Renminbi,GTO,Pink,1
United States,Tesla,Malaysia,1992,Dollar,5 Series,Puce,1
China,Kia,Japan,2004,Yuan Renminbi,F-Series,Yellow,1
China,Kia,Costa Rica,2008,Yuan Renminbi,i-Series,Purple,1
United States,Tesla,China,1989,Dollar,Courier,Crimson,1
China,Tesla,Albania,1991,Yuan Renminbi,LeMans,Purple,1
China,Tesla,China,2002,Yuan Renminbi,Sienna,Maroon,1
United States,Suzuki,Albania,2004,Dollar,Sebring,Indigo,1
China,Kia,Indonesia,2009,Yuan Renminbi,Escalade ESV,Yellow,1
China,Saic Motor,Portugal,2005,Yuan Renminbi,Passat,Khaki,1
China,Kia,Indonesia,2004,Yuan Renminbi,Pajero,Puce,1
China,Suzuki,Brazil,2000,Yuan Renminbi,F250,Aquamarine,1
China,Kia,Thailand,2002,Yuan Renminbi,M-Class,Violet,1
United States,Nissan,Philippines,1996,Dollar,G-Series G30,Maroon,1
China,General Motors,China,1996,Yuan Renminbi,Crown Victoria,Crimson,1
China,Otros,Indonesia,2006,Yuan Renminbi,Sierra Hybrid,Maroon,1
China,General Motors,France,1967,Yuan Renminbi,Camaro,Teal,1
China,Otros,China,1988,Yuan Renminbi,Cabriolet,Teal,1
China,Saic Motor,Norway,1995,Yuan Renminbi,Chariot,Blue,1
China,Tesla,Thailand,1993,Yuan Renminbi,Acclaim,Pink,1
United States,Kia,Sweden,1995,Dollar,S-Class,Maroon,1
China,Tesla,Costa Rica,2009,Yuan Renminbi,Commander,Blue,1
China,Kia,China,1997,Yuan Renminbi,del Sol,Aquamarine,1
China,Suzuki,Colombia,1992,Yuan Renminbi,300E,Teal,1
China,Kia,Greece,2006,Yuan Renminbi,TT,Aquamarine,1
China,Chirey,Indonesia,2005,Yuan Renminbi,Jetta,Indigo,1
China,Tesla,China,2008,Yuan Renminbi,Pilot,Goldenrod,1
China,Nissan,Serbia,1993,Yuan Renminbi,164,Aquamarine,1
China,Build Your Dream,South Africa,2011,Yuan Renminbi,Optima,Crimson,1
China,Kia,Canada,2010,Yuan Renminbi,Savana,Purple,1
United States,Nissan,Pakistan,2000,Dollar,Grand Voyager,Khaki,1
China,Build Your Dream,China,2005,Yuan Renminbi,Monterey,Puce,1
China,Tesla,China,2008,Yuan Renminbi,Sentra,Teal,1
China,Nissan,Philippines,1986,Yuan Renminbi,Esprit,Teal,1
United States,Otros,China,1995,Dollar,Samurai,Aquamarine,1
China,Nissan,China,1995,Yuan Renminbi,Cougar,Puce,1
China,Suzuki,China,1997,Yuan Renminbi,Sebring,Maroon,1
China,Saic Motor,Mexico,1986,Yuan Renminbi,Regal,Green,1
China,Otros,China,2008,Yuan Renminbi,57,Green,1
China,Tesla,Australia,2009,Yuan Renminbi,Liberty,Purple,1
China,Suzuki,Russia,2007,Yuan Renminbi,G6,Crimson,1
China,General Motors,South Korea,2003,Yuan Renminbi,RL,Aquamarine,1
China,Nissan,Panama,2009,Yuan Renminbi,Malibu,Mauv,1
China,Chirey,Japan,2012,Yuan Renminbi,Prius v,Indigo,1
China,Tesla,Pakistan,1972,Yuan Renminbi,Thunderbird,Turquoise,1
China,Otros,United States,1991,Yuan Renminbi,430,Pink,1
China,Kia,Serbia,2008,Yuan Renminbi,Legacy,Goldenrod,1
China,Suzuki,Costa Rica,2000,Yuan Renminbi,Spectra,Red,1
China,Saic Motor,China,1996,Yuan Renminbi,Hearse,Purple,1
China,Tesla,China,2004,Yuan Renminbi,Explorer Sport Trac,Purple,1
China,General Motors,Nigeria,1992,Yuan Renminbi,Colt,Purple,1
China,Nissan,Poland,2010,Yuan Renminbi,Caravan,Pink,1
United States,General Motors,Senegal,2000,Dollar,Yukon XL 1500,Maroon,1
United States,Chirey,Indonesia,1988,Dollar,Range Rover,Teal,1
China,Tesla,Tanzania,2000,Yuan Renminbi,LS,Orange,1
China,Chirey,Poland,2004,Yuan Renminbi,Tracker,Aquamarine,1
China,Tesla,Colombia,2010,Yuan Renminbi,Sedona,Green,1
China,Build Your Dream,Russia,1987,Yuan Renminbi,Sunbird,Puce,1
China,Saic Motor,Poland,1986,Yuan Renminbi,Grand Am,Pink,1
China,Kia,China,2008,Yuan Renminbi,Sienna,Teal,1
China,Otros,China,2002,Yuan Renminbi,Frontier,Maroon,1
China,General Motors,Peru,2003,Yuan Renminbi,XK Series,Pink,1
China,Build Your Dream,Spain,1996,Yuan Renminbi,VS Commodore,Goldenrod,1
China,Kia,Sierra Leone,1990,Yuan Renminbi,430,Crimson,1
United States,Tesla,Indonesia,2004,Dollar,Seville,Purple,1
China,Kia,Azerbaijan,2006,Yuan Renminbi,RL,Teal,1
China,Tesla,Madagascar,2009,Yuan Renminbi,Azure,Puce,1
China,General Motors,China,2007,Yuan Renminbi,V70,Aquamarine,1
China,Saic Motor,Ivory Coast,2007,Yuan Renminbi,DB9,Green,1
China,Suzuki,Netherlands,2002,Yuan Renminbi,Sportage,Maroon,1
China,Otros,China,1986,Yuan Renminbi,6000,Pink,1
China,Saic Motor,China,2007,Yuan Renminbi,RDX,Red,1
China,General Motors,China,2008,Yuan Renminbi,S4,Mauv,1
South Korea,Nissan,Indonesia,1974,Won,Camaro,Green,1
China,Suzuki,Philippines,2007,Yuan Renminbi,Express 3500,Mauv,1
China,Suzuki,Sweden,1986,Yuan Renminbi,Parisienne,Indigo,1
China,Chirey,China,2012,Yuan Renminbi,GLK-Class,Yellow,1
China,Saic Motor,United States,2004,Yuan Renminbi,F-Series,Purple,1
United States,Otros,Philippines,2012,Dollar,Rapide,Yellow,1
China,Kia,Palestinian Territory,2007,Yuan Renminbi,Express 2500,Yellow,1
United States,Saic Motor,Ireland,1984,Dollar,Escort,Turquoise,1
China,Chirey,China,1992,Yuan Renminbi,Riviera,Teal,1
China,Nissan,Russia,2009,Yuan Renminbi,Matrix,Maroon,1
China,Suzuki,Luxembourg,2002,Yuan Renminbi,Allroad,Aquamarine,1
China,General Motors,Afghanistan,2006,Yuan Renminbi,Sedona,Turquoise,1
China,General Motors,Philippines,2001,Yuan Renminbi,Tiburon,Teal,1
China,Kia,Peru,1985,Yuan Renminbi,Starion,Purple,1
China,Saic Motor,Portugal,1993,Yuan Renminbi,300SL,Red,1
China,Kia,Macedonia,1986,Yuan Renminbi,4000CS Quattro,Turquoise,1
China,Chirey,Philippines,2006,Yuan Renminbi,F-350 Super Duty,Khaki,1
China,General Motors,China,2009,Yuan Renminbi,Murano,Turquoise,1
China,Saic Motor,Brazil,1994,Yuan Renminbi,Club Wagon,Green,1
China,Otros,Nicaragua,2002,Yuan Renminbi,Bravada,Khaki,1
China,Tesla,Syria,2012,Yuan Renminbi,Kizashi,Khaki,1
China,Nissan,China,2009,Yuan Renminbi,599 GTB Fiorano,Violet,1
China,Chirey,Pakistan,2008,Yuan Renminbi,Ram 2500,Blue,1
China,Otros,Brazil,2008,Yuan Renminbi,Cooper Clubman,Red,1
China,Chirey,Morocco,2011,Yuan Renminbi,ES,Indigo,1
China,Nissan,Albania,1997,Yuan Renminbi,900,Crimson,1
China,Build Your Dream,Philippines,2008,Yuan Renminbi,DB9,Turquoise,1
United States,Kia,China,2010,Dollar,Yaris,Violet,1
China,Kia,Greece,2011,Yuan Renminbi,Kizashi,Maroon,1
China,Nissan,Iran,1988,Yuan Renminbi,Topaz,Aquamarine,1
China,Kia,Canada,1997,Yuan Renminbi,Camaro,Violet,1
China,Tesla,Peru,2001,Yuan Renminbi,S-Class,Khaki,1
China,Chirey,France,1986,Yuan Renminbi,Town Car,Yellow,1
China,Suzuki,Indonesia,2012,Yuan Renminbi,Grand Caravan,Goldenrod,1
China,Nissan,Madagascar,1993,Yuan Renminbi,88,Aquamarine,1
United States,General Motors,United States,1986,Dollar,Lynx,Mauv,1
China,Suzuki,China,1990,Yuan Renminbi,Talon,Fuscia,1
China,Saic Motor,Greece,2006,Yuan Renminbi,Canyon,Maroon,1
China,Kia,Russia,2001,Yuan Renminbi,Miata MX-5,Mauv,1
China,Build Your Dream,Democratic Republic of the Congo,2001,Yuan Renminbi,Avalon,Fuscia,1
China,Kia,China,1964,Yuan Renminbi,GTO,Red,1
United States,General Motors,Norway,1984,Dollar,Firefly,Aquamarine,1
China,Build Your Dream,Vietnam,1986,Yuan Renminbi,626,Mauv,1
China,Saic Motor,Poland,2001,Yuan Renminbi,F250,Crimson,1
China,Tesla,Ireland,2011,Yuan Renminbi,Discovery,Blue,1
China,Kia,Kazakhstan,1995,Yuan Renminbi,4Runner,Blue,1
China,Tesla,Poland,1994,Yuan Renminbi,Samurai,Purple,1
China,Chirey,Russia,1997,Yuan Renminbi,Cherokee,Mauv,1
China,General Motors,China,1997,Yuan Renminbi,Corvette,Aquamarine,1
China,General Motors,Mali,1993,Yuan Renminbi,Tempo,Orange,1
United States,Tesla,Angola,1957,Dollar,Corvette,Indigo,1
China,Otros,Thailand,2003,Yuan Renminbi,Suburban 1500,Indigo,1
China,Tesla,Serbia,2011,Yuan Renminbi,Sprinter 2500,Teal,1
China,Otros,Japan,1983,Yuan Renminbi,626,Goldenrod,1
China,Tesla,Ukraine,2004,Yuan Renminbi,V40,Teal,1
China,Nissan,Russia,2007,Yuan Renminbi,Sportage,Pink,1
China,Kia,Indonesia,1985,Yuan Renminbi,Ranger,Crimson,1
China,Nissan,Malaysia,2007,Yuan Renminbi,i-370,Goldenrod,1
China,Kia,Finland,2000,Yuan Renminbi,Quest,Teal,1
United States,Kia,Poland,2004,Dollar,Outlander,Blue,1
China,Nissan,Greece,1992,Yuan Renminbi,Capri,Aquamarine,1
South Korea,Build Your Dream,United States,1992,Won,S-Series,Violet,1
United States,Build Your Dream,China,1993,Dollar,Golf III,Puce,1
China,Kia,Indonesia,1987,Yuan Renminbi,Cabriolet,Orange,1
China,Suzuki,China,2007,Yuan Renminbi,Mazdaspeed 3,Crimson,1
China,General Motors,Peru,2005,Yuan Renminbi,Blazer,Orange,1
China,Tesla,Poland,1999,Yuan Renminbi,E-Class,Goldenrod,1
China,Chirey,China,1984,Yuan Renminbi,Bonneville,Red,1
United States,Suzuki,Russia,1989,Dollar,B2600,Fuscia,1
China,Tesla,Russia,1999,Yuan Renminbi,Seville,Indigo,1
China,Build Your Dream,Russia,1985,Yuan Renminbi,Topaz,Orange,1
China,Suzuki,China,1998,Yuan Renminbi,Ram Van 1500,Indigo,1
China,Chirey,Indonesia,2007,Yuan Renminbi,Continental GTC,Khaki,1
China,Otros,Bulgaria,2006,Yuan Renminbi,Magnum,Crimson,1
China,Nissan,Brazil,2006,Yuan Renminbi,Land Cruiser,Puce,1
China,Saic Motor,Venezuela,1987,Yuan Renminbi,Sable,Fuscia,1
China,Nissan,Thailand,1999,Yuan Renminbi,Stratus,Orange,1
China,Nissan,China,2008,Yuan Renminbi,Mariner,Aquamarine,1
China,General Motors,Indonesia,2011,Yuan Renminbi,QX56,Indigo,1
China,Suzuki,Philippines,2006,Yuan Renminbi,Tiburon,Puce,1
China,Saic Motor,Philippines,1992,Yuan Renminbi,Camaro,Aquamarine,1
China,Otros,Mongolia,1999,Yuan Renminbi,Silverado,Orange,1
China,Build Your Dream,Mexico,1995,Yuan Renminbi,C-Class,Maroon,1
China,Chirey,Indonesia,2008,Yuan Renminbi,i-Series,Goldenrod,1
Germany,Build Your Dream,Guam,2003,Euro,F150,Pink,1
China,Saic Motor,Philippines,2009,Yuan Renminbi,Patriot,Red,1
China,Otros,Paraguay,2006,Yuan Renminbi,Ascender,Goldenrod,1
China,Suzuki,Colombia,1995,Yuan Renminbi,MX-3,Orange,1
United States,Nissan,Brazil,2007,Dollar,Corolla,Fuscia,1
China,General Motors,Russia,2005,Yuan Renminbi,Reno,Orange,1
China,Tesla,Russia,1984,Yuan Renminbi,Tredia,Violet,1
China,Chirey,China,1990,Yuan Renminbi,Esprit,Purple,1
China,General Motors,Serbia,2007,Yuan Renminbi,Maxima,Orange,1
China,Nissan,Panama,2006,Yuan Renminbi,Rendezvous,Teal,1
United States,Suzuki,Philippines,1999,Dollar,Cirrus,Pink,1
China,Suzuki,Philippines,1994,Yuan Renminbi,Jetta III,Yellow,1
China,Chirey,Slovenia,2011,Yuan Renminbi,Camry,Blue,1
China,Otros,China,2001,Yuan Renminbi,CL,Turquoise,1
United States,Nissan,Poland,1961,Dollar,Corvette,Khaki,1
China,Nissan,Colombia,2001,Yuan Renminbi,Swift,Maroon,1
China,Suzuki,France,2004,Yuan Renminbi,XL-7,Khaki,1
China,Tesla,China,1995,Yuan Renminbi,Vandura G2500,Blue,1
China,Nissan,Uganda,1989,Yuan Renminbi,Gemini,Crimson,1
China,Build Your Dream,Japan,1991,Yuan Renminbi,Continental,Purple,1
China,Saic Motor,Canada,1996,Yuan Renminbi,S-Series,Fuscia,1
China,Chirey,Russia,2009,Yuan Renminbi,Cobalt,Orange,1
China,Kia,Greece,1999,Yuan Renminbi,NSX,Teal,1
China,Otros,Haiti,1993,Yuan Renminbi,Ramcharger,Orange,1
China,Nissan,Poland,2011,Yuan Renminbi,Durango,Goldenrod,1
China,General Motors,Indonesia,2001,Yuan Renminbi,Quest,Goldenrod,1
China,Build Your Dream,United States,2011,Yuan Renminbi,Boxster,Blue,1
China,General Motors,Russia,1993,Yuan Renminbi,500SEL,Violet,1
China,Suzuki,Russia,2004,Yuan Renminbi,XG350,Goldenrod,1
China,Build Your Dream,Poland,1989,Yuan Renminbi,L300,Blue,1
China,General Motors,Bulgaria,1992,Yuan Renminbi,Loyale,Pink,1
China,General Motors,Japan,2002,Yuan Renminbi,Continental,Pink,1
China,Suzuki,Tunisia,1994,Yuan Renminbi,LeSabre,Yellow,1
China,Build Your Dream,Poland,2012,Yuan Renminbi,EX,Maroon,1
China,Kia,Brazil,2000,Yuan Renminbi,Cougar,Violet,1
China,Build Your Dream,Turkey,2010,Yuan Renminbi,Sequoia,Goldenrod,1
United States,Nissan,Philippines,2012,Dollar,Lancer,Aquamarine,1
China,Suzuki,Cameroon,2008,Yuan Renminbi,SC,Goldenrod,1
China,Suzuki,Lithuania,2001,Yuan Renminbi,Montero,Teal,1
China,Saic Motor,China,2001,Yuan Renminbi,Avalon,Teal,1
China,Saic Motor,Poland,1992,Yuan Renminbi,G-Series G20,Maroon,1
China,Suzuki,China,1993,Yuan Renminbi,B-Series,Khaki,1
China,Suzuki,Portugal,1992,Yuan Renminbi,Custom Cruiser,Puce,1
China,General Motors,Syria,2013,Yuan Renminbi,X6 M,Mauv,1
China,Otros,Poland,2010,Yuan Renminbi,CL-Class,Khaki,1
China,Suzuki,Venezuela,1998,Yuan Renminbi,Tacoma Xtra,Crimson,1
China,Suzuki,Russia,2013,Yuan Renminbi,Equus,Aquamarine,1
China,Kia,France,1989,Yuan Renminbi,Type 2,Mauv,1
China,Chirey,Syria,2004,Yuan Renminbi,Xterra,Red,1
China,General Motors,Burundi,2008,Yuan Renminbi,TundraMax,Orange,1
China,Otros,Brazil,1994,Yuan Renminbi,929,Crimson,1
United States,General Motors,Sweden,1992,Dollar,LeSabre,Blue,1
China,Build Your Dream,Colombia,2001,Yuan Renminbi,Pathfinder,Indigo,1
China,Suzuki,Uruguay,1991,Yuan Renminbi,430,Maroon,1
China,General Motors,France,1996,Yuan Renminbi,Riviera,Turquoise,1
China,Build Your Dream,China,2010,Yuan Renminbi,C30,Green,1
China,Nissan,Cuba,1972,Yuan Renminbi,GTO,Orange,1
China,General Motors,Russia,2004,Yuan Renminbi,Yukon,Yellow,1
Germany,Chirey,Indonesia,1992,Euro,3500,Aquamarine,1
China,Chirey,Philippines,1999,Yuan Renminbi,Catera,Fuscia,1
China,General Motors,Belarus,1985,Yuan Renminbi,Firefly,Turquoise,1
China,Otros,United States,2004,Yuan Renminbi,Spyder,Aquamarine,1
China,Nissan,Sweden,1996,Yuan Renminbi,Chariot,Khaki,1
China,General Motors,Morocco,2006,Yuan Renminbi,SC,Fuscia,1
China,Otros,Dominican Republic,2000,Yuan Renminbi,F350,Puce,1
China,Chirey,Uzbekistan,2001,Yuan Renminbi,XG300,Maroon,1
China,General Motors,China,1998,Yuan Renminbi,Camaro,Maroon,1
China,Build Your Dream,Thailand,1990,Yuan Renminbi,Elan,Goldenrod,1
China,General Motors,China,1990,Yuan Renminbi,Precis,Blue,1
United States,Build Your Dream,Mozambique,1970,Dollar,Cougar,Aquamarine,1
China,Build Your Dream,Spain,1957,Yuan Renminbi,Corvette,Violet,1
China,Tesla,Russia,1993,Yuan Renminbi,Jetta III,Pink,1
China,Chirey,Indonesia,2004,Yuan Renminbi,Savana 2500,Puce,1
United States,Saic Motor,Indonesia,2003,Dollar,E150,Aquamarine,1
China,General Motors,China,2002,Yuan Renminbi,Regal,Purple,1
China,Nissan,Nigeria,1991,Yuan Renminbi,928,Orange,1
China,Saic Motor,China,2000,Yuan Renminbi,Odyssey,Yellow,1
China,General Motors,Netherlands,1992,Yuan Renminbi,Previa,Violet,1
China,Saic Motor,China,2004,Yuan Renminbi,Envoy,Yellow,1
China,Kia,Poland,2012,Yuan Renminbi,Galant,Maroon,1
China,Saic Motor,Serbia,2012,Yuan Renminbi,Equator,Mauv,1
China,Kia,China,1998,Yuan Renminbi,I,Red,1
China,General Motors,Dominican Republic,1979,Yuan Renminbi,LUV,Khaki,1
China,Otros,Argentina,2005,Yuan Renminbi,A4,Fuscia,1
China,Tesla,Yemen,1989,Yuan Renminbi,Sidekick,Crimson,1
China,Saic Motor,China,2009,Yuan Renminbi,Sprinter,Aquamarine,1
China,General Motors,United States,1997,Yuan Renminbi,H1,Pink,1
China,Chirey,Poland,2005,Yuan Renminbi,SSR,Maroon,1
Germany,Kia,China,2009,Euro,XL7,Violet,1
China,General Motors,Saint Kitts and Nevis,2002,Yuan Renminbi,M-Class,Goldenrod,1
China,Suzuki,China,1996,Yuan Renminbi,SL-Class,Khaki,1
China,Tesla,Malawi,2000,Yuan Renminbi,Ram Van 2500,Green,1
United States,Tesla,Indonesia,2012,Dollar,Veloster,Yellow,1
China,General Motors,China,1990,Yuan Renminbi,Electra,Goldenrod,1
United States,General Motors,South Africa,2002,Dollar,Jetta,Green,1
United States,Otros,Ethiopia,1995,Dollar,Century,Crimson,1
China,Build Your Dream,Japan,2000,Yuan Renminbi,Vitara,Aquamarine,1
China,Chirey,Russia,2004,Yuan Renminbi,New Beetle,Goldenrod,1
China,Kia,Sierra Leone,2001,Yuan Renminbi,Escort,Red,1
China,Kia,Argentina,2010,Yuan Renminbi,Equator,Fuscia,1
China,Kia,China,2001,Yuan Renminbi,LeSabre,Maroon,1
China,General Motors,South Africa,1995,Yuan Renminbi,3500 Club Coupe,Fuscia,1
China,Otros,Bosnia and Herzegovina,2012,Yuan Renminbi,Sierra,Yellow,1
China,Tesla,Turkmenistan,2005,Yuan Renminbi,Mazda3,Puce,1
China,Tesla,China,1986,Yuan Renminbi,Chariot,Puce,1
China,Kia,Sweden,1992,Yuan Renminbi,Continental,Violet,1
China,Tesla,Norway,2002,Yuan Renminbi,Grand Am,Maroon,1
China,Kia,Indonesia,2001,Yuan Renminbi,Astro,Orange,1
China,General Motors,China,1961,Yuan Renminbi,Tempest,Turquoise,1
China,Saic Motor,Vietnam,2009,Yuan Renminbi,Express,Orange,1
China,Nissan,Croatia,1992,Yuan Renminbi,Vandura 2500,Aquamarine,1
China,Suzuki,Belarus,2004,Yuan Renminbi,LX,Puce,1
China,Suzuki,United States,2004,Yuan Renminbi,Mazda3,Blue,1
United States,Saic Motor,Poland,2010,Dollar,Canyon,Violet,1
China,General Motors,Chile,1993,Yuan Renminbi,Cougar,Green,1
China,Suzuki,Nicaragua,1994,Yuan Renminbi,Caravan,Aquamarine,1
China,Kia,Brazil,2012,Yuan Renminbi,IS-F,Khaki,1
China,Tesla,Albania,2001,Yuan Renminbi,Pathfinder,Khaki,1
United States,General Motors,France,2008,Dollar,Escape,Teal,1
South Korea,Chirey,Philippines,1993,Won,Skylark,Mauv,1
China,Build Your Dream,Sweden,1994,Yuan Renminbi,968,Green,1
China,Otros,Czech Republic,2001,Yuan Renminbi,Firebird,Blue,1
China,Saic Motor,Iran,2011,Yuan Renminbi,Tiguan,Indigo,1
China,Otros,Cambodia,1997,Yuan Renminbi,E-Class,Turquoise,1
China,Kia,China,2003,Yuan Renminbi,RS6,Teal,1
China,General Motors,Tunisia,2006,Yuan Renminbi,LX,Fuscia,1
China,General Motors,Philippines,1984,Yuan Renminbi,Bronco II,Mauv,1
China,Chirey,China,1998,Yuan Renminbi,Land Cruiser,Yellow,1
South Korea,General Motors,China,1990,Won,90,Purple,1
China,Otros,Brazil,1985,Yuan Renminbi,Grand Marquis,Fuscia,1
China,Otros,Philippines,2005,Yuan Renminbi,Range Rover,Red,1
South Korea,Otros,Portugal,2002,Won,Ranger,Crimson,1
China,Suzuki,Albania,2001,Yuan Renminbi,Boxster,Red,1
China,Nissan,Panama,2005,Yuan Renminbi,Reno,Purple,1
China,Build Your Dream,Ukraine,1999,Yuan Renminbi,Boxster,Green,1
China,Saic Motor,Indonesia,2001,Yuan Renminbi,Millenia,Yellow,1
China,Saic Motor,Sri Lanka,2004,Yuan Renminbi,Escalade EXT,Puce,1
China,Kia,Cyprus,2002,Yuan Renminbi,Sonata,Goldenrod,1
China,Build Your Dream,Indonesia,2006,Yuan Renminbi,GX,Goldenrod,1
China,Nissan,Ukraine,1992,Yuan Renminbi,E-Class,Orange,1
China,Tesla,Kazakhstan,2004,Yuan Renminbi,XLR,Pink,1
China,Tesla,Sweden,2006,Yuan Renminbi,Mustang,Yellow,1
China,Suzuki,Indonesia,2005,Yuan Renminbi,Montana SV6,Orange,1
United States,Build Your Dream,Czech Republic,2006,Dollar,tC,Violet,1
China,Otros,China,2012,Yuan Renminbi,XJ,Indigo,1
China,Otros,France,2008,Yuan Renminbi,Azera,Fuscia,1
China,General Motors,United States,2010,Yuan Renminbi,CX-7,Aquamarine,1
China,General Motors,Portugal,2011,Yuan Renminbi,GL-Class,Blue,1
China,Otros,Iran,2003,Yuan Renminbi,XC70,Maroon,1
China,General Motors,Tanzania,2011,Yuan Renminbi,M-Class,Maroon,1
United States,Chirey,Indonesia,1998,Dollar,Bravada,Mauv,1
China,Otros,Brazil,1998,Yuan Renminbi,F150,Indigo,1
United States,Kia,Philippines,1995,Dollar,911,Mauv,1
South Korea,Nissan,Philippines,1989,Won,Continental,Puce,1
China,Suzuki,Sweden,1996,Yuan Renminbi,Crown Victoria,Pink,1
China,Chirey,Portugal,2006,Yuan Renminbi,TT,Orange,1
China,Saic Motor,Brazil,2010,Yuan Renminbi,Routan,Teal,1
China,Build Your Dream,Yemen,2009,Yuan Renminbi,Yukon XL 2500,Puce,1
China,General Motors,Curacao,2011,Yuan Renminbi,S40,Pink,1
China,Nissan,Indonesia,2008,Yuan Renminbi,GS,Purple,1
China,Otros,Slovenia,2009,Yuan Renminbi,Sonata,Crimson,1
China,Tesla,Serbia,2004,Yuan Renminbi,TSX,Maroon,1
United States,General Motors,Bolivia,1989,Dollar,Grand Am,Green,1
China,Saic Motor,Greece,2001,Yuan Renminbi,Neon,Khaki,1
China,Build Your Dream,China,2001,Yuan Renminbi,Prizm,Crimson,1
China,Nissan,China,1987,Yuan Renminbi,E-Series,Aquamarine,1
China,Tesla,China,1990,Yuan Renminbi,Golf,Green,1
United States,Kia,Sierra Leone,1988,Dollar,Mirage,Crimson,1
China,Suzuki,Sweden,1996,Yuan Renminbi,Esteem,Aquamarine,1
China,Tesla,Guatemala,1986,Yuan Renminbi,Century,Teal,1
United States,Kia,Philippines,1992,Dollar,Corrado,Green,1
China,Saic Motor,Indonesia,2011,Yuan Renminbi,Nitro,Green,1
China,Tesla,China,1997,Yuan Renminbi,Park Avenue,Green,1
China,Saic Motor,China,2001,Yuan Renminbi,RAV4,Goldenrod,1
China,Otros,Mexico,2007,Yuan Renminbi,Grand Caravan,Teal,1
China,Otros,Tunisia,1997,Yuan Renminbi,MPV,Fuscia,1
China,Suzuki,China,2010,Yuan Renminbi,Cayenne,Indigo,1
China,Chirey,Iran,1967,Yuan Renminbi,Cougar,Puce,1
China,Tesla,Philippines,1993,Yuan Renminbi,Rodeo,Goldenrod,1
China,Kia,South Korea,1995,Yuan Renminbi,ES,Turquoise,1
China,Build Your Dream,China,1997,Yuan Renminbi,LS,Green,1
China,Nissan,Indonesia,1988,Yuan Renminbi,Skylark,Puce,1
United States,General Motors,Portugal,2007,Dollar,Sierra 1500,Pink,1
United States,General Motors,China,1989,Dollar,Civic,Indigo,1
China,Build Your Dream,China,1999,Yuan Renminbi,LeSabre,Khaki,1
China,Saic Motor,Slovakia,1973,Yuan Renminbi,GTO,Crimson,1
China,General Motors,Cuba,2005,Yuan Renminbi,Vanquish S,Violet,1
China,Build Your Dream,Pakistan,2000,Yuan Renminbi,Explorer Sport Trac,Indigo,1
China,Nissan,China,2011,Yuan Renminbi,Escalade ESV,Puce,1
United States,Nissan,Bulgaria,2010,Dollar,GTI,Purple,1
China,Build Your Dream,China,1990,Yuan Renminbi,Laser,Fuscia,1
China,Suzuki,China,1997,Yuan Renminbi,Express 1500,Turquoise,1
China,Build Your Dream,China,2006,Yuan Renminbi,E150,Red,1
China,Saic Motor,China,2006,Yuan Renminbi,Avalon,Pink,1
China,Kia,Indonesia,2006,Yuan Renminbi,Mazda6 Sport,Crimson,1
China,General Motors,Philippines,2006,Yuan Renminbi,TrailBlazer,Aquamarine,1
China,General Motors,China,2001,Yuan Renminbi,Impala,Fuscia,1
China,Nissan,Monaco,2012,Yuan Renminbi,Golf,Green,1
China,Suzuki,Thailand,2011,Yuan Renminbi,Transit Connect,Purple,1
China,Nissan,Indonesia,2004,Yuan Renminbi,Sequoia,Crimson,1
China,Build Your Dream,Tajikistan,2005,Yuan Renminbi,Yukon XL 2500,Aquamarine,1
China,Kia,Russia,1999,Yuan Renminbi,Continental,Purple,1
China,General Motors,Brazil,1994,Yuan Renminbi,Xtra,Orange,1
China,Otros,China,1998,Yuan Renminbi,Millenia,Teal,1
China,General Motors,Tanzania,2011,Yuan Renminbi,Sierra 1500,Indigo,1
China,Build Your Dream,Afghanistan,1993,Yuan Renminbi,Grand Marquis,Orange,1
China,Nissan,United States,2006,Yuan Renminbi,SL-Class,Turquoise,1
China,Nissan,China,1963,Yuan Renminbi,Corvair 500,Purple,1
China,Saic Motor,Vietnam,2007,Yuan Renminbi,Forester,Fuscia,1
China,Nissan,Japan,1989,Yuan Renminbi,Legacy,Goldenrod,1
China,Kia,Poland,2000,Yuan Renminbi,Explorer,Maroon,1
China,General Motors,Thailand,2005,Yuan Renminbi,GranSport,Green,1
China,Saic Motor,Portugal,2009,Yuan Renminbi,California,Purple,1
China,Suzuki,Costa Rica,1994,Yuan Renminbi,Park Avenue,Yellow,1
China,Nissan,Australia,2012,Yuan Renminbi,Cayenne,Orange,1
China,Suzuki,Greece,2006,Yuan Renminbi,Explorer Sport Trac,Pink,1
China,Saic Motor,Bolivia,2002,Yuan Renminbi,CLK-Class,Red,1
China,Chirey,Ukraine,2007,Yuan Renminbi,Savana 1500,Green,1
United States,Chirey,Indonesia,2003,Dollar,Range Rover,Indigo,1
China,Nissan,China,1999,Yuan Renminbi,Z3,Mauv,1
China,Otros,Argentina,1997,Yuan Renminbi,NSX,Yellow,1
China,Otros,Portugal,2000,Yuan Renminbi,SC,Indigo,1
China,Chirey,China,1994,Yuan Renminbi,Villager,Aquamarine,1
China,Kia,Poland,2004,Yuan Renminbi,Boxster,Crimson,1
China,Suzuki,Serbia,2013,Yuan Renminbi,Yukon XL 1500,Pink,1
China,Suzuki,China,2004,Yuan Renminbi,Sedona,Blue,1
China,Suzuki,China,1989,Yuan Renminbi,Spyder,Turquoise,1
China,Nissan,Colombia,1999,Yuan Renminbi,Esprit,Green,1
China,Suzuki,Russia,1987,Yuan Renminbi,Chariot,Goldenrod,1
China,Tesla,China,2005,Yuan Renminbi,Sonata,Teal,1
China,Nissan,Indonesia,2007,Yuan Renminbi,Mazdaspeed6,Orange,1
China,Kia,Sweden,1985,Yuan Renminbi,Continental Mark VII,Khaki,1
China,Suzuki,China,2010,Yuan Renminbi,Canyon,Violet,1
China,Chirey,Argentina,2005,Yuan Renminbi,Murano,Fuscia,1
China,Saic Motor,Sweden,1996,Yuan Renminbi,Cabriolet,Goldenrod,1
China,Suzuki,Brazil,2013,Yuan Renminbi,Escape,Goldenrod,1
China,Build Your Dream,Portugal,1998,Yuan Renminbi,Express 1500,Yellow,1
China,General Motors,Senegal,1995,Yuan Renminbi,MPV,Red,1
Italy,Tesla,Colombia,2002,Euro,Sunfire,Blue,1
China,Nissan,Russia,2008,Yuan Renminbi,LS,Goldenrod,1
United States,Chirey,Albania,2011,Dollar,Tiguan,Puce,1
China,Saic Motor,Russia,1999,Yuan Renminbi,626,Khaki,1
China,Build Your Dream,Indonesia,2011,Yuan Renminbi,Tribeca,Khaki,1
China,Kia,Cameroon,1994,Yuan Renminbi,Impala,Red,1
China,Nissan,Netherlands,2004,Yuan Renminbi,S60,Violet,1
China,Build Your Dream,Serbia,1995,Yuan Renminbi,XJ Series,Violet,1
China,Tesla,France,2001,Yuan Renminbi,Civic,Mauv,1
China,Build Your Dream,Philippines,2001,Yuan Renminbi,Ram Van 3500,Yellow,1
China,Chirey,Albania,1984,Yuan Renminbi,Firebird,Pink,1
China,Nissan,Canada,1999,Yuan Renminbi,Safari,Pink,1
China,Otros,Indonesia,1999,Yuan Renminbi,Escalade,Mauv,1
China,General Motors,China,2013,Yuan Renminbi,CX-5,Violet,1
China,Nissan,China,2004,Yuan Renminbi,Ranger,Crimson,1
China,Tesla,Kenya,2000,Yuan Renminbi,Jimmy,Purple,1
China,Build Your Dream,Guatemala,1994,Yuan Renminbi,Escort,Violet,1
China,Otros,Brazil,2008,Yuan Renminbi,CLS-Class,Turquoise,1
China,Nissan,Brazil,1993,Yuan Renminbi,G-Series G10,Yellow,1
China,Otros,Ukraine,2011,Yuan Renminbi,Avalon,Mauv,1
China,Tesla,Iran,1968,Yuan Renminbi,Charger,Red,1
China,Nissan,Finland,2008,Yuan Renminbi,Sonata,Fuscia,1
China,Suzuki,Poland,2012,Yuan Renminbi,Panamera,Puce,1
China,General Motors,Portugal,2007,Yuan Renminbi,Carens,Puce,1
Germany,Nissan,Sri Lanka,1994,Euro,MX-5,Fuscia,1
China,Otros,Russia,1993,Yuan Renminbi,Fleetwood,Puce,1
China,Tesla,France,1996,Yuan Renminbi,Sunfire,Puce,1
China,Nissan,Indonesia,2002,Yuan Renminbi,MX-5,Orange,1
China,Kia,China,2009,Yuan Renminbi,CX-9,Crimson,1
China,Build Your Dream,China,2009,Yuan Renminbi,3 Series,Maroon,1
China,Tesla,Lesotho,2007,Yuan Renminbi,62,Purple,1
China,Otros,Honduras,2006,Yuan Renminbi,Expedition,Indigo,1
China,Suzuki,Latvia,1987,Yuan Renminbi,Type 2,Crimson,1
China,Otros,Philippines,2005,Yuan Renminbi,Avalanche 1500,Pink,1
China,Nissan,Poland,1998,Yuan Renminbi,Dakota,Goldenrod,1
China,Suzuki,Ukraine,2011,Yuan Renminbi,Malibu,Violet,1
China,Saic Motor,Georgia,2003,Yuan Renminbi,Spyder,Green,1
China,Saic Motor,Indonesia,2011,Yuan Renminbi,Navigator L,Pink,1
China,Tesla,Japan,1985,Yuan Renminbi,Tempo,Khaki,1
China,Otros,Philippines,2000,Yuan Renminbi,CR-V,Orange,1
China,Otros,Indonesia,2007,Yuan Renminbi,Rio,Purple,1
United States,Kia,Vietnam,1990,Dollar,XT,Pink,1
China,Kia,Indonesia,1998,Yuan Renminbi,riolet,Fuscia,1
China,Kia,Botswana,1996,Yuan Renminbi,Century,Yellow,1
China,Chirey,Portugal,1989,Yuan Renminbi,Colt,Fuscia,1
China,General Motors,Malta,1998,Yuan Renminbi,Catera,Blue,1
United States,Otros,Cyprus,2011,Dollar,Santa Fe,Pink,1
China,Suzuki,Philippines,1992,Yuan Renminbi,929,Red,1
China,Suzuki,Russia,2011,Yuan Renminbi,LR2,Purple,1
China,Chirey,Indonesia,2009,Yuan Renminbi,Cobalt SS,Purple,1
China,Tesla,New Zealand,2004,Yuan Renminbi,Yukon XL 2500,Mauv,1
China,Suzuki,Colombia,2009,Yuan Renminbi,Continental GT,Green,1
China,Otros,Guatemala,1991,Yuan Renminbi,Type 2,Mauv,1
China,Build Your Dream,Brazil,1995,Yuan Renminbi,323,Green,1
United States,Nissan,Cuba,2010,Dollar,SRX,Crimson,1
China,Suzuki,Russia,2001,Yuan Renminbi,Firebird,Aquamarine,1
China,Chirey,Portugal,2005,Yuan Renminbi,GTI,Purple,1
China,Build Your Dream,Philippines,2006,Yuan Renminbi,Civic,Aquamarine,1
China,Suzuki,France,2006,Yuan Renminbi,Camry,Pink,1
China,Chirey,Indonesia,2008,Yuan Renminbi,GL-Class,Goldenrod,1
China,Chirey,Russia,1993,Yuan Renminbi,Trans Sport,Indigo,1
China,Otros,Albania,1996,Yuan Renminbi,Expo LRV,Blue,1
China,Build Your Dream,Portugal,2003,Yuan Renminbi,Grand Cherokee,Orange,1
China,Otros,China,2007,Yuan Renminbi,Continental,Teal,1
China,Otros,Dominican Republic,2001,Yuan Renminbi,Allroad,Khaki,1
China,Saic Motor,Vietnam,1993,Yuan Renminbi,Ram Van B150,Crimson,1
China,Kia,Serbia,2010,Yuan Renminbi,Touareg,Teal,1
United States,Tesla,Indonesia,1998,Dollar,Sentra,Orange,1
China,Nissan,Mongolia,2001,Yuan Renminbi,Montero,Fuscia,1
China,Chirey,China,1995,Yuan Renminbi,Probe,Yellow,1
China,Build Your Dream,France,1994,Yuan Renminbi,Blazer,Crimson,1
China,Otros,China,2001,Yuan Renminbi,VehiCROSS,Puce,1
United States,Suzuki,Mexico,2000,Dollar,Hombre Space,Red,1
Germany,General Motors,China,2004,Euro,Express 3500,Violet,1
China,General Motors,Indonesia,2009,Yuan Renminbi,F430,Teal,1
China,Chirey,China,2000,Yuan Renminbi,Metro,Red,1
China,Tesla,Mexico,2006,Yuan Renminbi,Malibu Maxx,Red,1
China,Nissan,Indonesia,2003,Yuan Renminbi,745,Pink,1
China,Tesla,Brazil,2001,Yuan Renminbi,XJ Series,Khaki,1
China,Kia,Netherlands,2011,Yuan Renminbi,HS,Puce,1
China,General Motors,Argentina,2004,Yuan Renminbi,B-Series Plus,Indigo,1
China,Nissan,France,2005,Yuan Renminbi,Esperante,Blue,1
China,General Motors,Brazil,2003,Yuan Renminbi,MPV,Orange,1
China,Chirey,Saudi Arabia,2008,Yuan Renminbi,RX-8,Indigo,1
China,Saic Motor,Albania,1987,Yuan Renminbi,Courier,Goldenrod,1
China,Build Your Dream,Nigeria,1993,Yuan Renminbi,Colt,Indigo,1
China,Build Your Dream,Sweden,2004,Yuan Renminbi,Accord,Blue,1
China,Build Your Dream,Nigeria,2004,Yuan Renminbi,R32,Goldenrod,1
China,Suzuki,Kazakhstan,2011,Yuan Renminbi,Discovery,Turquoise,1
United States,Chirey,Peru,2012,Dollar,Malibu,Turquoise,1
China,Kia,Russia,2004,Yuan Renminbi,S10,Fuscia,1
China,Kia,Russia,1957,Yuan Renminbi,600,Goldenrod,1
China,General Motors,Russia,2010,Yuan Renminbi,Escalade ESV,Yellow,1
China,Saic Motor,Indonesia,2006,Yuan Renminbi,4Runner,Teal,1
China,Saic Motor,China,2006,Yuan Renminbi,Outlander,Maroon,1
China,Build Your Dream,Brazil,2010,Yuan Renminbi,Avenger,Green,1
China,Nissan,Norway,2006,Yuan Renminbi,Escalade,Blue,1
China,Kia,China,1996,Yuan Renminbi,Tahoe,Yellow,1
China,Saic Motor,Indonesia,2004,Yuan Renminbi,Envoy XUV,Pink,1
China,Build Your Dream,Brazil,2009,Yuan Renminbi,Venza,Maroon,1
China,Nissan,Poland,2005,Yuan Renminbi,A6,Yellow,1
China,Otros,Argentina,2001,Yuan Renminbi,M3,Orange,1
Germany,Kia,Brazil,2002,Euro,Land Cruiser,Maroon,1
China,Build Your Dream,Indonesia,2006,Yuan Renminbi,Crossfire Roadster,Crimson,1
China,Suzuki,Philippines,2012,Yuan Renminbi,A5,Red,1
China,Tesla,Denmark,1995,Yuan Renminbi,Thunderbird,Violet,1
China,Build Your Dream,Vietnam,1998,Yuan Renminbi,Grand Marquis,Yellow,1
China,Suzuki,Sweden,1992,Yuan Renminbi,NX,Blue,1
China,Otros,China,2000,Yuan Renminbi,Grand Cherokee,Violet,1
China,Tesla,Philippines,2011,Yuan Renminbi,G-Class,Orange,1
China,Chirey,Ukraine,2012,Yuan Renminbi,Charger,Pink,1
China,Saic Motor,Indonesia,1997,Yuan Renminbi,Wrangler,Mauv,1
China,Build Your Dream,Indonesia,2001,Yuan Renminbi,Eurovan,Violet,1
China,Kia,Russia,2003,Yuan Renminbi,S8,Pink,1
China,Kia,China,2010,Yuan Renminbi,Sebring,Crimson,1
China,Chirey,Madagascar,1991,Yuan Renminbi,Park Avenue,Violet,1
South Korea,Chirey,Georgia,1986,Won,B-Series,Purple,1
China,Suzuki,Netherlands,2004,Yuan Renminbi,745,Crimson,1
China,General Motors,North Korea,2009,Yuan Renminbi,Sorento,Fuscia,1
China,Chirey,Croatia,2011,Yuan Renminbi,xB,Puce,1
China,Build Your Dream,Indonesia,1996,Yuan Renminbi,Roadmaster,Teal,1
China,Suzuki,Russia,2010,Yuan Renminbi,5 Series,Goldenrod,1
China,Nissan,Finland,1998,Yuan Renminbi,B-Series Plus,Orange,1
China,Chirey,Russia,1990,Yuan Renminbi,Corrado,Crimson,1
China,Chirey,Poland,2010,Yuan Renminbi,XC90,Purple,1
China,Chirey,United States,1986,Yuan Renminbi,4000CS Quattro,Red,1
China,Tesla,China,2003,Yuan Renminbi,Regal,Orange,1
China,Kia,Czech Republic,2007,Yuan Renminbi,5 Series,Teal,1
China,Suzuki,Nigeria,1991,Yuan Renminbi,ES,Maroon,1
China,Suzuki,United States,2011,Yuan Renminbi,Savana 1500,Green,1
China,Saic Motor,Indonesia,1987,Yuan Renminbi,Skyhawk,Turquoise,1
China,Chirey,Bosnia and Herzegovina,1995,Yuan Renminbi,Villager,Orange,1
China,Build Your Dream,Madagascar,2009,Yuan Renminbi,Aura,Turquoise,1
China,Chirey,Sweden,2007,Yuan Renminbi,Navigator,Puce,1
China,Chirey,Nigeria,2003,Yuan Renminbi,RSX,Pink,1
China,General Motors,Belarus,2005,Yuan Renminbi,Savana 3500,Maroon,1
China,Chirey,Indonesia,1999,Yuan Renminbi,88,Maroon,1
China,Kia,China,1999,Yuan Renminbi,Blazer,Turquoise,1
China,Chirey,Thailand,1996,Yuan Renminbi,200SX,Goldenrod,1
China,Nissan,Indonesia,2010,Yuan Renminbi,LS Hybrid,Fuscia,1
China,Suzuki,Russia,2007,Yuan Renminbi,Veracruz,Red,1
China,Saic Motor,Portugal,1995,Yuan Renminbi,Intrepid,Goldenrod,1
China,Suzuki,Argentina,1996,Yuan Renminbi,Crown Victoria,Pink,1
China,Build Your Dream,Afghanistan,2004,Yuan Renminbi,PT Cruiser,Fuscia,1
China,Chirey,Russia,2012,Yuan Renminbi,F250,Yellow,1
China,Otros,Argentina,2007,Yuan Renminbi,Equinox,Crimson,1
China,Chirey,Poland,2011,Yuan Renminbi,S40,Indigo,1
China,Saic Motor,Portugal,2010,Yuan Renminbi,Sierra,Indigo,1
China,Saic Motor,Russia,2008,Yuan Renminbi,Torrent,Fuscia,1
United States,Tesla,China,1995,Dollar,Ranger,Aquamarine,1
China,Tesla,Russia,2011,Yuan Renminbi,MX-5,Green,1
China,Chirey,Poland,1966,Yuan Renminbi,Fairlane,Khaki,1
China,Saic Motor,Philippines,1999,Yuan Renminbi,1500,Goldenrod,1
China,Otros,Brazil,2012,Yuan Renminbi,DB9,Mauv,1
China,Suzuki,Netherlands,2006,Yuan Renminbi,XC90,Maroon,1
China,Suzuki,Estonia,1998,Yuan Renminbi,88,Red,1
China,Tesla,France,2006,Yuan Renminbi,LaCrosse,Teal,1
China,General Motors,Cuba,2012,Yuan Renminbi,Continental GT,Crimson,1
China,Build Your Dream,Guatemala,2002,Yuan Renminbi,rio,Green,1
Germany,Saic Motor,China,2007,Euro,E-Series,Teal,1
China,Tesla,China,2008,Yuan Renminbi,Rabbit,Turquoise,1
China,Saic Motor,Bangladesh,2003,Yuan Renminbi,Dakota Club,Blue,1
China,Otros,Indonesia,2003,Yuan Renminbi,Allroad,Blue,1
China,Suzuki,Czech Republic,2005,Yuan Renminbi,SLK-Class,Orange,1
China,Saic Motor,China,2001,Yuan Renminbi,3 Series,Pink,1
China,Tesla,Brazil,2007,Yuan Renminbi,300,Pink,1
China,Build Your Dream,North Korea,2010,Yuan Renminbi,Impreza,Aquamarine,1
China,General Motors,Portugal,1999,Yuan Renminbi,Eldorado,Indigo,1
China,Nissan,South Africa,2011,Yuan Renminbi,Phantom,Crimson,1
China,Tesla,Mexico,1996,Yuan Renminbi,Voyager,Indigo,1
China,Nissan,Poland,2002,Yuan Renminbi,Park Avenue,Aquamarine,1
China,Kia,Tanzania,2002,Yuan Renminbi,E-Class,Maroon,1
China,Build Your Dream,Botswana,1986,Yuan Renminbi,Cordia,Puce,1
China,Tesla,Peru,1995,Yuan Renminbi,Sonoma Club Coupe,Goldenrod,1
China,Build Your Dream,Belarus,2000,Yuan Renminbi,Golf,Violet,1
China,Saic Motor,Indonesia,2010,Yuan Renminbi,Caravan,Red,1
China,General Motors,Finland,1990,Yuan Renminbi,Golf,Crimson,1
China,Suzuki,Brazil,2007,Yuan Renminbi,QX56,Blue,1
China,Saic Motor,Indonesia,1994,Yuan Renminbi,Elan,Purple,1
China,Chirey,Kazakhstan,1992,Yuan Renminbi,2500,Indigo,1
China,General Motors,Ethiopia,1996,Yuan Renminbi,Villager,Teal,1
China,Saic Motor,China,2010,Yuan Renminbi,M3,Crimson,1
United States,Saic Motor,Sweden,2011,Dollar,Vantage,Indigo,1
China,Kia,Macedonia,2012,Yuan Renminbi,S60,Violet,1
China,Build Your Dream,Mexico,2010,Yuan Renminbi,Optima,Khaki,1
China,Tesla,Indonesia,1998,Yuan Renminbi,Grand Prix,Blue,1
China,Suzuki,Czech Republic,2004,Yuan Renminbi,Freestar,Maroon,1
China,General Motors,Colombia,2011,Yuan Renminbi,Ram,Aquamarine,1
China,Build Your Dream,Uganda,1995,Yuan Renminbi,Tercel,Pink,1
China,Build Your Dream,China,2007,Yuan Renminbi,Elise,Teal,1
United States,Suzuki,Thailand,2012,Dollar,Tahoe,Violet,1
China,Tesla,Indonesia,1965,Yuan Renminbi,Fairlane,Aquamarine,1
China,Nissan,China,2002,Yuan Renminbi,GTI,Teal,1
China,Chirey,Russia,1995,Yuan Renminbi,Suburban 2500,Mauv,1
China,Suzuki,Czech Republic,2010,Yuan Renminbi,XK,Mauv,1
China,Nissan,Pakistan,1983,Yuan Renminbi,Alliance,Indigo,1
China,Chirey,Poland,2001,Yuan Renminbi,Ram 2500,Teal,1
China,Build Your Dream,Russia,1992,Yuan Renminbi,3500 Club Coupe,Violet,1
China,Nissan,Jamaica,2011,Yuan Renminbi,C70,Green,1
China,Tesla,Indonesia,1997,Yuan Renminbi,DeVille,Green,1
China,Otros,Ivory Coast,2008,Yuan Renminbi,Range Rover,Aquamarine,1
China,Kia,Philippines,2009,Yuan Renminbi,Tahoe,Pink,1
China,Suzuki,San Marino,2009,Yuan Renminbi,Caliber,Crimson,1
China,Nissan,Mexico,1994,Yuan Renminbi,Paseo,Fuscia,1
United States,Otros,Ecuador,1999,Dollar,Discovery Series II,Blue,1
China,General Motors,Canada,2005,Yuan Renminbi,Monterey,Turquoise,1
China,Build Your Dream,Thailand,2011,Yuan Renminbi,Liberty,Mauv,1
China,Otros,China,2004,Yuan Renminbi,Tundra,Red,1
China,Chirey,France,2000,Yuan Renminbi,Grand Am,Mauv,1
China,Nissan,China,1992,Yuan Renminbi,3 Series,Red,1
China,Otros,Czech Republic,2005,Yuan Renminbi,Gallardo,Orange,1
China,General Motors,Philippines,2003,Yuan Renminbi,Ram Van 1500,Maroon,1
China,Build Your Dream,Peru,2010,Yuan Renminbi,Accord Crosstour,Indigo,1
China,Suzuki,China,2003,Yuan Renminbi,Montero,Mauv,1
China,General Motors,Finland,2002,Yuan Renminbi,Blackwood,Green,1
China,Kia,Nigeria,2013,Yuan Renminbi,MKX,Puce,1
China,Saic Motor,Czech Republic,2012,Yuan Renminbi,C70,Maroon,1
China,Suzuki,Chile,2003,Yuan Renminbi,G35,Violet,1
China,Kia,China,2012,Yuan Renminbi,LaCrosse,Blue,1
China,Kia,Indonesia,2000,Yuan Renminbi,Diablo,Teal,1
China,Suzuki,Brazil,2012,Yuan Renminbi,Eos,Aquamarine,1
United States,Tesla,Peru,2007,Dollar,Mazdaspeed 3,Green,1
China,Kia,Portugal,1996,Yuan Renminbi,Ram 3500 Club,Aquamarine,1
China,Chirey,France,1997,Yuan Renminbi,Eurovan,Violet,1
China,Saic Motor,Turkmenistan,2010,Yuan Renminbi,Suburban 1500,Indigo,1
China,General Motors,Peru,2010,Yuan Renminbi,Versa,Fuscia,1
China,General Motors,United States,2009,Yuan Renminbi,Q5,Khaki,1
China,Nissan,Sweden,1992,Yuan Renminbi,Allante,Green,1
China,Kia,China,1996,Yuan Renminbi,X-90,Violet,1
China,Nissan,China,1997,Yuan Renminbi,240SX,Green,1
China,Tesla,Portugal,1958,Yuan Renminbi,Corvette,Blue,1
China,Saic Motor,Japan,2012,Yuan Renminbi,NV2500,Orange,1
China,Saic Motor,Philippines,2009,Yuan Renminbi,Equinox,Red,1
China,Tesla,Thailand,1988,Yuan Renminbi,Accord,Aquamarine,1
China,Tesla,France,1988,Yuan Renminbi,Grand Marquis,Crimson,1
China,Kia,China,2007,Yuan Renminbi,9-5,Crimson,1
China,General Motors,China,1996,Yuan Renminbi,F150,Fuscia,1
China,General Motors,Philippines,2009,Yuan Renminbi,Equator,Mauv,1
China,Kia,Democratic Republic of the Congo,2005,Yuan Renminbi,Excursion,Aquamarine,1
China,Suzuki,Vietnam,1999,Yuan Renminbi,Ram Van 1500,Puce,1
United States,Kia,China,1987,Dollar,B2600,Indigo,1
China,Tesla,China,1986,Yuan Renminbi,900,Turquoise,1
China,Kia,Philippines,2009,Yuan Renminbi,Altima,Puce,1
China,Suzuki,Philippines,1992,Yuan Renminbi,Sportvan G30,Khaki,1
China,Tesla,Albania,2012,Yuan Renminbi,LS Hybrid,Mauv,1
China,Kia,Spain,2009,Yuan Renminbi,QX,Maroon,1
China,Build Your Dream,Indonesia,1992,Yuan Renminbi,F350,Red,1
China,Otros,France,2012,Yuan Renminbi,Veloster,Violet,1
China,Build Your Dream,Brazil,2012,Yuan Renminbi,Cube,Green,1
China,Build Your Dream,Bangladesh,2005,Yuan Renminbi,Freestar,Violet,1
China,Tesla,China,1997,Yuan Renminbi,Express 2500,Mauv,1
United States,Otros,Croatia,2006,Dollar,Mariner,Goldenrod,1
China,Build Your Dream,Croatia,2007,Yuan Renminbi,Forenza,Red,1
China,Nissan,China,2004,Yuan Renminbi,X5,Pink,1
China,Chirey,Thailand,2011,Yuan Renminbi,Sierra 1500,Red,1
China,Saic Motor,France,2009,Yuan Renminbi,Silverado,Puce,1
China,General Motors,Indonesia,2007,Yuan Renminbi,Mountaineer,Pink,1
China,Tesla,France,1985,Yuan Renminbi,Parisienne,Blue,1
China,General Motors,Ecuador,1997,Yuan Renminbi,Jimmy,Teal,1
China,Kia,Brazil,2008,Yuan Renminbi,Solara,Green,1
China,Kia,China,1987,Yuan Renminbi,Skylark,Blue,1
China,Build Your Dream,France,2006,Yuan Renminbi,Monterey,Crimson,1
China,Saic Motor,South Africa,1992,Yuan Renminbi,Corvette,Orange,1
China,Nissan,Brazil,2001,Yuan Renminbi,RL,Maroon,1
United States,Tesla,Czech Republic,1996,Dollar,Tracker,Teal,1
China,Tesla,Greece,2002,Yuan Renminbi,Envoy XL,Mauv,1
China,Saic Motor,Finland,2003,Yuan Renminbi,Crown Victoria,Violet,1
Italy,Chirey,Indonesia,2004,Euro,Blazer,Purple,1
China,Kia,Colombia,1960,Yuan Renminbi,Corvette,Teal,1
China,Tesla,Colombia,2004,Yuan Renminbi,LX,Orange,1
China,Chirey,Thailand,1984,Yuan Renminbi,Mark VII,Teal,1
Germany,Saic Motor,Portugal,2000,Euro,Hombre,Khaki,1
China,General Motors,Thailand,1991,Yuan Renminbi,Diablo,Turquoise,1
China,General Motors,Armenia,1987,Yuan Renminbi,Range Rover,Pink,1
United States,Saic Motor,Indonesia,2012,Dollar,Miata MX-5,Puce,1
China,Nissan,Indonesia,2006,Yuan Renminbi,Forenza,Green,1
China,Kia,Serbia,2012,Yuan Renminbi,Charger,Goldenrod,1
China,Otros,Russia,1997,Yuan Renminbi,SLK-Class,Aquamarine,1
China,Suzuki,China,1994,Yuan Renminbi,RVR,Fuscia,1
China,General Motors,Vietnam,1995,Yuan Renminbi,2500 Club Coupe,Turquoise,1
United States,Otros,Ireland,2000,Dollar,Corolla,Indigo,1
China,Otros,China,2000,Yuan Renminbi,Integra,Red,1
China,Otros,Dominican Republic,1995,Yuan Renminbi,Land Cruiser,Aquamarine,1
China,Build Your Dream,Micronesia,2005,Yuan Renminbi,SC,Green,1
China,Nissan,United States,1994,Yuan Renminbi,F150,Red,1
China,Kia,Russia,2011,Yuan Renminbi,2500,Blue,1
China,Kia,Guatemala,2006,Yuan Renminbi,550,Indigo,1
United States,Saic Motor,Japan,2006,Dollar,Savana 2500,Green,1
China,General Motors,Bulgaria,1999,Yuan Renminbi,Lanos,Goldenrod,1
Germany,General Motors,Indonesia,2001,Euro,Tracker,Yellow,1
China,General Motors,Armenia,2006,Yuan Renminbi,Range Rover,Maroon,1
China,General Motors,Ukraine,2005,Yuan Renminbi,Sedona,Aquamarine,1
China,Build Your Dream,Russia,2008,Yuan Renminbi,Charger,Teal,1
China,Nissan,Canada,2001,Yuan Renminbi,Ram Van 2500,Aquamarine,1
China,Suzuki,Mexico,2007,Yuan Renminbi,Miata MX-5,Teal,1
United States,Saic Motor,China,2007,Dollar,V8 Vantage,Yellow,1
China,Otros,Norway,2001,Yuan Renminbi,530,Puce,1
China,Chirey,Venezuela,2007,Yuan Renminbi,C70,Aquamarine,1
United States,Kia,Ukraine,2011,Dollar,Sentra,Maroon,1
China,Otros,China,2003,Yuan Renminbi,Sebring,Yellow,1
China,Chirey,Serbia,2012,Yuan Renminbi,LR2,Teal,1
China,Saic Motor,Russia,2009,Yuan Renminbi,300,Puce,1
China,Nissan,Ukraine,1991,Yuan Renminbi,Eclipse,Blue,1
United States,Nissan,Greece,1996,Dollar,9000,Green,1
China,Otros,Philippines,2007,Yuan Renminbi,Explorer,Teal,1
China,Saic Motor,Croatia,2007,Yuan Renminbi,XJ,Mauv,1
China,Otros,Spain,2012,Yuan Renminbi,Continental Super,Red,1
China,Otros,Malawi,2006,Yuan Renminbi,DTS,Red,1
China,Suzuki,North Korea,2012,Yuan Renminbi,Canyon,Pink,1
China,Chirey,Canada,2004,Yuan Renminbi,Santa Fe,Blue,1
China,Suzuki,Spain,1999,Yuan Renminbi,1500 Club Coupe,Indigo,1
China,Saic Motor,Greece,2008,Yuan Renminbi,Accord,Purple,1
China,General Motors,Cuba,1991,Yuan Renminbi,Festiva,Aquamarine,1
China,Otros,United States,2011,Yuan Renminbi,Impreza WRX,Teal,1
United States,Kia,China,1996,Dollar,Mirage,Goldenrod,1
China,Kia,Czech Republic,1987,Yuan Renminbi,L300,Red,1
China,Chirey,Russia,1988,Yuan Renminbi,Cordia,Teal,1
China,Chirey,Armenia,1992,Yuan Renminbi,GTI,Goldenrod,1
China,Suzuki,Tunisia,2004,Yuan Renminbi,Ram 3500,Teal,1
China,Suzuki,Philippines,1993,Yuan Renminbi,Sonoma Club Coupe,Violet,1
China,Build Your Dream,China,1995,Yuan Renminbi,G-Series G10,Fuscia,1
China,Saic Motor,China,2004,Yuan Renminbi,Montero,Teal,1
China,Suzuki,Russia,2003,Yuan Renminbi,300M,Pink,1
China,Build Your Dream,Russia,2005,Yuan Renminbi,Amanti,Aquamarine,1
China,Tesla,Poland,2010,Yuan Renminbi,Panamera,Blue,1
China,General Motors,Niger,1987,Yuan Renminbi,Lynx,Mauv,1
China,Tesla,El Salvador,1998,Yuan Renminbi,F150,Purple,1


